otu_id,Kingdom,Phylum,Class,Order,Family,Genus,Species
AOtu0001,Viridiplantae,Chlorophyta,Chlorophyceae,Chlamydomonadales,Chlamydomonadaceae,Sanguina,Sanguina_nivaloides
AOtu0005,Viridiplantae,Chlorophyta,Chlorophyceae,Chlamydomonadales,Chlamydomonadaceae,Sanguina,Sanguina_aurantia
AOtu0006,Viridiplantae,Chlorophyta,Chlorophyceae,Chlamydomonadales,Chlamydomonadaceae,Sanguina,Sanguina_aurantia
AOtu0009,Viridiplantae,Chlorophyta,Chlorophyceae,Chlamydomonadales,Chlamydomonadaceae,Chlamydomonas,Chlamydomonas_reinhardtii
AOtu0015,Viridiplantae,Chlorophyta,Chlorophyceae,Chlamydomonadales,Chlamydomonadaceae,Chlainomonas,Chlainomonas_sp
AOtu0020,Viridiplantae,Chlorophyta,Chlorophyceae,Chlamydomonadales,Chlamydomonadaceae,Sanguina,Sanguina_aurantia
AOtu0025,Viridiplantae,Chlorophyta,Chlorophyceae,Chlamydomonadales,Chlamydomonadaceae,Chlamydomonas,Chlamydomonas_callunae
AOtu0026,Viridiplantae,Chlorophyta,Chlorophyceae,Sphaeropleales,Neochloridaceae,Neochloris,Neochloris_sp
AOtu0028,Viridiplantae,Chlorophyta,Trebouxiophyceae,Trebouxiales,Trebouxiaceae,Trebouxia,Trebouxia_sp
AOtu0039,Viridiplantae,Chlorophyta,Chlorophyceae,Chlamydomonadales,Haematococcaceae,Haematococcus,Haematococcus_rubicundus
AOtu0043,Viridiplantae,Chlorophyta,Chlorophyceae,Chlamydomonadales,Chlamydomonadaceae,Sanguina,Sanguina_aurantia
AOtu0045,Viridiplantae,Chlorophyta,Chlorophyceae,Chlamydomonadales,Chlamydomonadaceae,Chloromonas,Chloromonas_sp
AOtu0047,Viridiplantae,Chlorophyta,Chlorophyceae,Chlamydomonadales,Chlamydomonadaceae,Scotiella,Scotiella_cryophila
AOtu0049,Viridiplantae,Chlorophyta,Chlorophyceae,Chlamydomonadales,Astrephomenaceae,Astrephomene,Astrephomene_gubernaculifera
AOtu0057,Viridiplantae,Chlorophyta,Trebouxiophyceae,Prasiolales,Koliellaceae,Raphidonema,Raphidonema_nivale
AOtu0059,Viridiplantae,Chlorophyta,Chlorophyceae,Chlamydomonadales,Chlamydomonadaceae,Chloromonas,Chloromonas_sp
AOtu0065,Viridiplantae,Chlorophyta,Chlorophyceae,Chlamydomonadales,Chlamydomonadaceae,Scotiella,Scotiella_cryophila
AOtu0073,Viridiplantae,Chlorophyta,Chlorophyceae,Chlamydomonadales,Chlamydomonadaceae,Microglena,Microglena_monadina
AOtu0082,Viridiplantae,Chlorophyta,Chlorophyceae,Chlamydomonadales,Chlamydomonadaceae,Scotiella,Scotiella_cryophila
AOtu0086,Viridiplantae,Chlorophyta,Trebouxiophyceae,Trebouxiales,Trebouxiaceae,Asterochloris,Asterochloris_sp
AOtu0089,Viridiplantae,Chlorophyta,Chlorophyceae,Chlamydomonadales,Chlamydomonadaceae,Chloromonas,Chloromonas_nivalis_subsp_tatrae
AOtu0091,Viridiplantae,Chlorophyta,Chlorophyceae,Chlamydomonadales,Astrephomenaceae,Astrephomene,Astrephomene_gubernaculifera
AOtu0092,Viridiplantae,Chlorophyta,Chlorophyceae,Chlamydomonadales,Astrephomenaceae,Astrephomene,Astrephomene_gubernaculifera
AOtu0093,Viridiplantae,Chlorophyta,Trebouxiophyceae,Trebouxiales,Trebouxiaceae,Trebouxia,Trebouxia_sp
AOtu0102,Viridiplantae,Chlorophyta,Chlorophyceae,Chlamydomonadales,Chlamydomonadaceae,Chloromonas,Chloromonas_insignis
AOtu0103,Viridiplantae,Chlorophyta,Chlorophyceae,Chlamydomonadales,Chlamydomonadaceae,Sanguina,Sanguina_nivaloides
AOtu0107,Viridiplantae,Chlorophyta,Chlorophyceae,Chlamydomonadales,Chlamydomonadales_unclassified, ,
AOtu0109,Viridiplantae,Chlorophyta,Chlorophyceae,Chlamydomonadales,Chlamydomonadaceae,Sanguina,Sanguina_nivaloides
AOtu0119,Viridiplantae,Chlorophyta,Chlorophyceae,Chlamydomonadales,Chlamydomonadaceae,Sanguina,Sanguina_aurantia
BOtu0001,Bacteria,Bacteroidetes,Bacteroidia,Sphingobacteriales,Sphingobacteriaceae,Solitalea,Solitalea
BOtu0002,Bacteria,Bacteroidetes,Bacteroidia,Cytophagales,Hymenobacteraceae,Hymenobacter,Hymenobacter
BOtu0003,Bacteria,Bacteroidetes,Bacteroidia,Chitinophagales,Chitinophagaceae,Ferruginibacter,Ferruginibacter
BOtu0004,Bacteria,Proteobacteria,Gammaproteobacteria,Betaproteobacteriales,Burkholderiaceae,Polaromonas,Polaromonas
BOtu0005,Bacteria,Proteobacteria,Gammaproteobacteria,Betaproteobacteriales,Burkholderiaceae,Rhizobacter,Rhizobacter
BOtu0006,Bacteria,Proteobacteria,Alphaproteobacteria,Acetobacterales,Acetobacteraceae,uncultured,uncultured
BOtu0007,Bacteria,Actinobacteria,Actinobacteria,Micrococcales,Microbacteriaceae,Parafrigoribacterium,Parafrigoribacterium
BOtu0008,Bacteria,Bacteroidetes,Bacteroidia,Chitinophagales,Chitinophagaceae,Ferruginibacter,Ferruginibacter
BOtu0009,Bacteria,Proteobacteria,Gammaproteobacteria,Betaproteobacteriales,Burkholderiaceae,Massilia,Massilia
BOtu0010,Bacteria,Proteobacteria,Gammaproteobacteria,Xanthomonadales,Rhodanobacteraceae,Rhodanobacter,Rhodanobacter
BOtu0011,Bacteria,Actinobacteria,Actinobacteria,Frankiales,uncultured,uncultured_ge,uncultured_ge
BOtu0012,Bacteria,Bacteroidetes,Bacteroidia,Chitinophagales,Chitinophagaceae,uncultured,uncultured
BOtu0013,Bacteria,Actinobacteria,Actinobacteria,Micrococcales,Microbacteriaceae,Marisediminicola,Marisediminicola
BOtu0014,Bacteria,Firmicutes,Bacilli,Bacillales,Bacillaceae,Caldalkalibacillus,Caldalkalibacillus
BOtu0015,Bacteria,Actinobacteria,Actinobacteria,Micrococcales,Micrococcaceae,Nesterenkonia,Nesterenkonia
BOtu0016,Bacteria,Proteobacteria,Gammaproteobacteria,Betaproteobacteriales,Burkholderiaceae,Burkholderiaceae_unclassified,Burkholderiaceae_unclassified
BOtu0019,Bacteria,Bacteroidetes,Bacteroidia,Chitinophagales,Chitinophagaceae,uncultured,uncultured
BOtu0020,Bacteria,Proteobacteria,Gammaproteobacteria,Betaproteobacteriales,Burkholderiaceae,Burkholderiaceae_ge,Burkholderiaceae_ge
BOtu0021,Bacteria,Proteobacteria,Gammaproteobacteria,Betaproteobacteriales,Burkholderiaceae,Rhodoferax,Rhodoferax
BOtu0022,Bacteria,Actinobacteria,Actinobacteria,Frankiales,Nakamurellaceae,Nakamurella,Nakamurella
BOtu0023,Bacteria,Proteobacteria,Alphaproteobacteria,Sphingomonadales,Sphingomonadaceae,Novosphingobium,Novosphingobium
BOtu0025,Bacteria,Bacteroidetes,Bacteroidia,Cytophagales,Spirosomaceae,Arcicella,Arcicella
BOtu0026,Bacteria,Proteobacteria,Gammaproteobacteria,Oceanospirillales,Halomonadaceae,Halomonas,Halomonas
BOtu0027,Bacteria,Proteobacteria,Gammaproteobacteria,Betaproteobacteriales,Burkholderiaceae,Piscinibacter,Piscinibacter
BOtu0028,Bacteria,Firmicutes,Bacilli,Bacillales,Bacillaceae,Caldalkalibacillus,Caldalkalibacillus
BOtu0030,Bacteria,Proteobacteria,Gammaproteobacteria,Betaproteobacteriales,Burkholderiaceae,Rhodoferax,Rhodoferax
BOtu0031,Bacteria,Proteobacteria,Gammaproteobacteria,Pseudomonadales,Pseudomonadaceae,Pseudomonas,Pseudomonas
BOtu0032,Bacteria,Actinobacteria,Actinobacteria,Micrococcales,Micrococcaceae,Nesterenkonia,Nesterenkonia
BOtu0033,Bacteria,Actinobacteria,Actinobacteria,Frankiales,uncultured,uncultured_ge,uncultured_ge
BOtu0037,Bacteria,Proteobacteria,Gammaproteobacteria,Betaproteobacteriales,Burkholderiaceae,Actimicrobium,Actimicrobium
BOtu0038,Bacteria,Firmicutes,Bacilli,Bacillales,Bacillaceae,Bacillaceae_unclassified,Bacillaceae_unclassified
BOtu0039,Bacteria,Proteobacteria,Alphaproteobacteria,Acetobacterales,Acetobacteraceae,uncultured,uncultured
BOtu0040,Bacteria,Proteobacteria,Alphaproteobacteria,Acetobacterales,Acetobacteraceae,Endobacter,Endobacter
BOtu0043,Bacteria,Proteobacteria,Gammaproteobacteria,Betaproteobacteriales,Methylophilaceae,Methylotenera,Methylotenera
BOtu0044,Bacteria,Proteobacteria,Gammaproteobacteria,Betaproteobacteriales,Burkholderiaceae,Massilia,Massilia
BOtu0045,Bacteria,Bacteroidetes,Bacteroidia,Cytophagales,Hymenobacteraceae,Hymenobacter,Hymenobacter
BOtu0046,Bacteria,Proteobacteria,Alphaproteobacteria,Acetobacterales,Acetobacteraceae,uncultured,uncultured
BOtu0048,Bacteria,Proteobacteria,Alphaproteobacteria,Acetobacterales,Acetobacteraceae,Acidiphilium,Acidiphilium
BOtu0049,Bacteria,Proteobacteria,Alphaproteobacteria,Acetobacterales,Acetobacteraceae,Endobacter,Endobacter
BOtu0052,Bacteria,Proteobacteria,Alphaproteobacteria,Sphingomonadales,Sphingomonadaceae,Sphingomonas,Sphingomonas
BOtu0053,Bacteria,Proteobacteria,Gammaproteobacteria,Betaproteobacteriales,Burkholderiaceae,Burkholderiaceae_unclassified,Burkholderiaceae_unclassified
BOtu0059,Bacteria,Proteobacteria,Alphaproteobacteria,Acetobacterales,Acetobacteraceae,Acetobacteraceae_unclassified,Acetobacteraceae_unclassified
BOtu0060,Bacteria,Bacteroidetes,Bacteroidia,Chitinophagales,Chitinophagaceae,Ferruginibacter,Ferruginibacter
BOtu0062,Bacteria,Proteobacteria,Alphaproteobacteria,Sphingomonadales,Sphingomonadaceae,Rhizorhapis,Rhizorhapis
BOtu0064,Bacteria,Proteobacteria,Alphaproteobacteria,Rickettsiales,Rickettsiaceae,Rickettsia,Rickettsia
BOtu0065,Bacteria,Actinobacteria,Actinobacteria,Micrococcales,Microbacteriaceae,Microbacteriaceae_unclassified,Microbacteriaceae_unclassified
BOtu0066,Bacteria,Actinobacteria,Actinobacteria,Frankiales,uncultured,uncultured_ge,uncultured_ge
BOtu0068,Bacteria,Bacteroidetes,Bacteroidia,Cytophagales,Hymenobacteraceae,Hymenobacter,Hymenobacter
BOtu0071,Bacteria,Proteobacteria,Alphaproteobacteria,Rhizobiales,Xanthobacteraceae,Tardiphaga,Tardiphaga
BOtu0076,Bacteria,Proteobacteria,Proteobacteria_unclassified,Proteobacteria_unclassified,Proteobacteria_unclassified,Proteobacteria_unclassified,Proteobacteria_unclassified
BOtu0079,Bacteria,Proteobacteria,Alphaproteobacteria,Acetobacterales,Acetobacteraceae,Acetobacteraceae_unclassified,Acetobacteraceae_unclassified
BOtu0081,Bacteria,Acidobacteria,Acidobacteriia,Acidobacteriales,Acidobacteriaceae,Granulicella,Granulicella
BOtu0082,Bacteria,Proteobacteria,Gammaproteobacteria,Betaproteobacteriales,Burkholderiaceae,Massilia,Massilia
BOtu0085,Bacteria,Armatimonadetes,Armatimonadia,Armatimonadales,Armatimonadales_fa,Armatimonadales_ge,Armatimonadales_ge
BOtu0086,Bacteria,Bacteroidetes,Bacteroidia,Flavobacteriales,Flavobacteriaceae,Flavobacterium,Flavobacterium
BOtu0088,Bacteria,Actinobacteria,Actinobacteria,Pseudonocardiales,Pseudonocardiaceae,Pseudonocardia,Pseudonocardia
BOtu0095,Bacteria,Proteobacteria,Gammaproteobacteria,Betaproteobacteriales,Burkholderiaceae,Xylophilus,Xylophilus
BOtu0096,Bacteria,Bacteroidetes,Bacteroidia,Sphingobacteriales,Sphingobacteriaceae,Mucilaginibacter,Mucilaginibacter
BOtu0099,Bacteria,Actinobacteria,Actinobacteria,Frankiales,uncultured,uncultured_ge,uncultured_ge
BOtu0100,Bacteria,Actinobacteria,Actinobacteria,Pseudonocardiales,Pseudonocardiaceae,Pseudonocardia,Pseudonocardia
BOtu0101,Bacteria,Bacteroidetes,Bacteroidia,Sphingobacteriales,Sphingobacteriaceae,Pedobacter,Pedobacter
BOtu0105,Bacteria,Proteobacteria,Gammaproteobacteria,Betaproteobacteriales,Burkholderiaceae,Burkholderiaceae_unclassified,Burkholderiaceae_unclassified
BOtu0106,Bacteria,Proteobacteria,Alphaproteobacteria,Acetobacterales,Acetobacteraceae,Acetobacteraceae_unclassified,Acetobacteraceae_unclassified
BOtu0109,Bacteria,Acidobacteria,Acidobacteriia,Acidobacteriales,Acidobacteriaceae,Acidobacteriaceae,Acidobacteriaceae__ge
BOtu0110,Bacteria,Proteobacteria,Alphaproteobacteria,Acetobacterales,Acetobacteraceae,Acidiphilium,Acidiphilium
BOtu0117,Bacteria,Bacteroidetes,Bacteroidia,Cytophagales,Hymenobacteraceae,Hymenobacter,Hymenobacter
BOtu0120,Bacteria,Proteobacteria,Alphaproteobacteria,Rhizobiales,Beijerinckiaceae,1174-901-12,1174-901-12
BOtu0127,Bacteria,Bacteroidetes,Bacteroidia,Cytophagales,Hymenobacteraceae,Hymenobacter,Hymenobacter
BOtu0138,Bacteria,Proteobacteria,Gammaproteobacteria,Betaproteobacteriales,Burkholderiaceae,Noviherbaspirillum,Noviherbaspirillum
BOtu0142,Bacteria,Actinobacteria,Actinobacteria,Micrococcales,Microbacteriaceae,Marisediminicola,Marisediminicola
BOtu0144,Bacteria,Bacteroidetes,Bacteroidia,Chitinophagales,Chitinophagaceae,Ferruginibacter,Ferruginibacter
BOtu0145,Bacteria,Actinobacteria,Actinobacteria,Propionibacteriales,Propionibacteriaceae,Friedmanniella,Friedmanniella
BOtu0146,Bacteria,Actinobacteria,Actinobacteria,Corynebacteriales,Mycobacteriaceae,Mycobacterium,Mycobacterium
BOtu0147,Bacteria,Bacteroidetes,Bacteroidia,Cytophagales,Hymenobacteraceae,Hymenobacter,Hymenobacter
BOtu0149,Bacteria,Firmicutes,Bacilli,Bacillales,Bacillaceae,Bacillaceae_unclassified,Bacillaceae_unclassified
BOtu0154,Bacteria,Bacteroidetes,Bacteroidia,Cytophagales,Hymenobacteraceae,Hymenobacter,Hymenobacter
BOtu0156,Bacteria,Bacteroidetes,Bacteroidia,Cytophagales,Hymenobacteraceae,Hymenobacter,Hymenobacter
BOtu0157,Bacteria,Proteobacteria,Gammaproteobacteria,Betaproteobacteriales,Burkholderiaceae,Rhizobacter,Rhizobacter
BOtu0158,Bacteria,Actinobacteria,Actinobacteria,Micrococcales,Microbacteriaceae,Microbacteriaceae_unclassified,Microbacteriaceae_unclassified
BOtu0164,Bacteria,Bacteroidetes,Bacteroidia,Sphingobacteriales,Sphingobacteriaceae,Sphingobacteriaceae_unclassified,Sphingobacteriaceae_unclassified
BOtu0165,Bacteria,Proteobacteria,Alphaproteobacteria,Rhizobiales,Beijerinckiaceae,Methylobacterium,Methylobacterium
BOtu0170,Bacteria,Proteobacteria,Gammaproteobacteria,Betaproteobacteriales,Burkholderiaceae,Massilia,Massilia
BOtu0171,Bacteria,Actinobacteria,Actinobacteria,Micrococcales,Microbacteriaceae,Parafrigoribacterium,Parafrigoribacterium
BOtu0174,Bacteria,Actinobacteria,Actinobacteria,Propionibacteriales,Propionibacteriaceae,uncultured,uncultured
BOtu0177,Bacteria,Proteobacteria,Alphaproteobacteria,Acetobacterales,Acetobacteraceae,Acidiphilium,Acidiphilium
BOtu0179,Bacteria,Actinobacteria,Actinobacteria,Micrococcales,Micrococcaceae,Arthrobacter,Arthrobacter
BOtu0180,Bacteria,Bacteroidetes,Bacteroidia,Cytophagales,Hymenobacteraceae,Hymenobacter,Hymenobacter
BOtu0188,Bacteria,Proteobacteria,Alphaproteobacteria,Acetobacterales,Acetobacteraceae,Acidiphilium,Acidiphilium
BOtu0192,Bacteria,Proteobacteria,Gammaproteobacteria,Betaproteobacteriales,Burkholderiaceae,Burkholderiaceae_unclassified,Burkholderiaceae_unclassified
BOtu0208,Bacteria,Bacteroidetes,Bacteroidia,Sphingobacteriales,Sphingobacteriaceae,Solitalea,Solitalea
BOtu0211,Bacteria,Actinobacteria,Actinobacteria,Micrococcales,Intrasporangiaceae,Intrasporangiaceae_unclassified,Intrasporangiaceae_unclassified
BOtu0214,Bacteria,Actinobacteria,Actinobacteria,Micromonosporales,Micromonosporaceae,Actinoplanes,Actinoplanes
BOtu0219,Bacteria,Actinobacteria,Thermoleophilia,Solirubrobacterales,Solirubrobacteraceae,Solirubrobacter,Solirubrobacter
BOtu0222,Bacteria,Chlamydiae,Chlamydiae,Chlamydiales,Parachlamydiaceae,Parachlamydiaceae_unclassified,Parachlamydiaceae_unclassified
BOtu0224,Bacteria,Actinobacteria,Actinobacteria,Micrococcales,Microbacteriaceae,Marisediminicola,Marisediminicola
BOtu0231,Bacteria,Actinobacteria,Actinobacteria,Micrococcales,Microbacteriaceae,Microbacteriaceae_unclassified,Microbacteriaceae_unclassified
BOtu0232,Bacteria,Proteobacteria,Alphaproteobacteria,Acetobacterales,Acetobacteraceae,uncultured,uncultured
FOtu0002,Fungi,Basidiomycota,Microbotryomycetes,unclassified_Microbotryomycetes,unclassified_Microbotryomycetes,unclassified_Microbotryomycetes,unclassified_Microbotryomycetes
FOtu0003,Fungi,Basidiomycota,Microbotryomycetes,Leucosporidiales,Leucosporidiaceae,Leucosporidiaceae_unclassified,Leucosporidiaceae_unclassified
FOtu0005,Fungi,Basidiomycota,Microbotryomycetes,Leucosporidiales,Leucosporidiales_unclassified,Leucosporidiales_unclassified,Leucosporidiales_unclassified
FOtu0006,Fungi,Basidiomycota,Microbotryomycetes,Microbotryomycetes_unclassified,Microbotryomycetes_unclassified,Microbotryomycetes_unclassified,Microbotryomycetes_unclassified
FOtu0007,Fungi,Ascomycota,Dothideomycetes,Capnodiales,Mycosphaerellaceae,Mycosphaerella,Mycosphaerella
FOtu0008,Fungi,Basidiomycota,Microbotryomycetes,Leucosporidiales,unclassified_Leucosporidiales,unclassified_Leucosporidiales,unclassified_Leucosporidiales
FOtu0009,Fungi,Basidiomycota,Agaricomycetes,Agaricomycetes_unclassified,Agaricomycetes_unclassified,Agaricomycetes_unclassified,Agaricomycetes_unclassified
FOtu0010,Fungi,Basidiomycota,Microbotryomycetes,Microbotryomycetes_unclassified,Microbotryomycetes_unclassified,Microbotryomycetes_unclassified,Microbotryomycetes_unclassified
FOtu0011,Fungi,Basidiomycota,Microbotryomycetes,Leucosporidiales,Leucosporidiaceae,Leucosporidiaceae_unclassified,Leucosporidiaceae_unclassified
FOtu0012,Fungi,Basidiomycota,Microbotryomycetes,Microbotryomycetes_unclassified,Microbotryomycetes_unclassified,Microbotryomycetes_unclassified,Microbotryomycetes_unclassified
FOtu0015,Fungi,Chytridiomycota,Monoblepharidomycetes,Monoblepharidales,Monoblepharidales_incertae_sedis,Hyaloraphidium,Hyaloraphidium
FOtu0016,Fungi,Basidiomycota,Microbotryomycetes,Microbotryomycetes_unclassified,Microbotryomycetes_unclassified,Microbotryomycetes_unclassified,Microbotryomycetes_unclassified
FOtu0017,Fungi,Ascomycota,Dothideomycetes,Dothideales,Dothioraceae,Hormonema,Hormonema
FOtu0018,Fungi,Basidiomycota,Microbotryomycetes,Leucosporidiales,Leucosporidiaceae,Leucosporidiaceae_unclassified,Leucosporidiaceae_unclassified
FOtu0020,Fungi,Basidiomycota,Microbotryomycetes,Leucosporidiales,Leucosporidiaceae,Leucosporidiaceae_unclassified,Leucosporidiaceae_unclassified
FOtu0023,Fungi,Ascomycota,Lecanoromycetes,Rhizocarpales,Rhizocarpaceae,Rhizocarpon,Rhizocarpon
FOtu0024,Fungi,Basidiomycota,Microbotryomycetes,Microbotryomycetes_unclassified,Microbotryomycetes_unclassified,Microbotryomycetes_unclassified,Microbotryomycetes_unclassified
FOtu0030,Fungi,Ascomycota,Dothideomycetes,Dothideales,Aureobasidiaceae,Aureobasidium,Aureobasidium
FOtu0032,Fungi,Ascomycota,Dothideomycetes,Dothideales,Aureobasidiaceae,Aureobasidium,Aureobasidium
FOtu0033,Fungi,Ascomycota,Dothideomycetes,Dothideales,Dothideaceae,Endoconidioma,Endoconidioma
FOtu0037,Fungi,Ascomycota,Dothideomycetes,Capnodiales,unclassified_Capnodiales,unclassified_Capnodiales,unclassified_Capnodiales
FOtu0038,Fungi,Ascomycota,Eurotiomycetes,Chaetothyriales,Chaetothyriales_fam_Incertae_sedis,Sarcinomyces,Sarcinomyces
FOtu0039,Fungi,Basidiomycota,Microbotryomycetes,unclassified_Microbotryomycetes,unclassified_Microbotryomycetes,unclassified_Microbotryomycetes,unclassified_Microbotryomycetes
FOtu0040,Fungi,Ascomycota,Saccharomycetes,Saccharomycetales,Saccharomycetaceae,Nakaseomyces,Nakaseomyces
FOtu0045,Fungi,Ascomycota,Dothideomycetes,Dothideales,Dothioraceae,Perusta,Perusta
FOtu0048,Fungi,Chytridiomycota,Monoblepharidomycetes,Monoblepharidales,Monoblepharidales_incertae_sedis,Hyaloraphidium,Hyaloraphidium
FOtu0049,Fungi,Ascomycota,Dothideomycetes,Pleosporales,Didymellaceae,Didymella,Didymella
FOtu0050,Fungi,Basidiomycota,Microbotryomycetes,Leucosporidiales,Leucosporidiaceae,Leucosporidiaceae_unclassified,Leucosporidiaceae_unclassified
FOtu0052,Fungi,Ascomycota,Dothideomycetes,Dothideales,Dothideaceae,Celosporium,Celosporium
FOtu0053,Fungi,Chytridiomycota_unclassified,Chytridiomycota_unclassified,Chytridiomycota_unclassified,Chytridiomycota_unclassified,Chytridiomycota_unclassified,Chytridiomycota_unclassified
FOtu0054,Fungi,Ascomycota,Dothideomycetes,Capnodiales,Cladosporiaceae,Rachicladosporium,Rachicladosporium
FOtu0056,Fungi,Ascomycota,Dothideomycetes,Pleosporales,Sporormiaceae,Sporormiaceae_unclassified,Sporormiaceae_unclassified
FOtu0057,Fungi,Ascomycota,Arthoniomycetes,Lichenostigmatales,Phaeococcomycetaceae,Phaeococcomyces,Phaeococcomyces
FOtu0058,Fungi,Basidiomycota,Microbotryomycetes,Leucosporidiales,Leucosporidiaceae,Leucosporidiaceae_unclassified,Leucosporidiaceae_unclassified
FOtu0059,Fungi,Chytridiomycota,Monoblepharidomycetes,Monoblepharidales,Monoblepharidales_incertae_sedis,Hyaloraphidium,Hyaloraphidium
FOtu0060,Fungi,Basidiomycota,Microbotryomycetes,unclassified_Microbotryomycetes,unclassified_Microbotryomycetes,unclassified_Microbotryomycetes,unclassified_Microbotryomycetes
FOtu0061,Fungi,Ascomycota,Dothideomycetes,Dothideales,Dothideaceae,Dothidea,Dothidea
FOtu0062,Fungi,Basidiomycota,Microbotryomycetes,Leucosporidiales,Leucosporidiaceae,Leucosporidium,Leucosporidium
FOtu0065,Fungi,Ascomycota,Dothideomycetes,Pleosporales,Sporormiaceae,Sporormiella,Sporormiella
FOtu0066,Fungi,Basidiomycota,Microbotryomycetes,unclassified_Microbotryomycetes,unclassified_Microbotryomycetes,unclassified_Microbotryomycetes,unclassified_Microbotryomycetes
FOtu0067,Fungi,Ascomycota,Dothideomycetes,Pleosporales,Pleosporales_fam_Incertae_sedis,Phaeomycocentrospora,Phaeomycocentrospora
FOtu0069,Fungi,Ascomycota,Dothideomycetes,Pleosporales,Pleosporaceae,Alternaria,Alternaria
FOtu0070,Fungi,Basidiomycota,Microbotryomycetes,Sporidiobolales,Sporidiobolaceae,Rhodotorula,Rhodotorula
FOtu0071,Fungi,Ascomycota,Ascomycota_unclassified,Ascomycota_unclassified,Ascomycota_unclassified,Ascomycota_unclassified,Ascomycota_unclassified
FOtu0072,Fungi,Ascomycota,Dothideomycetes,Dothideales,Dothioraceae,Perusta,Perusta
FOtu0073,Fungi,Ascomycota,Dothideomycetes,Dothideales,Dothioraceae,Perusta,Perusta
FOtu0074,Fungi,Ascomycota,Lecanoromycetes,Lecanorales,Lecanorales_unclassified,Lecanorales_unclassified,Lecanorales_unclassified
FOtu0075,Fungi,Basidiomycota,Microbotryomycetes,unclassified_Microbotryomycetes,unclassified_Microbotryomycetes,unclassified_Microbotryomycetes,unclassified_Microbotryomycetes
FOtu0076,Fungi,Ascomycota,Leotiomycetes,Helotiales,Helotiales_unclassified,Helotiales_unclassified,Helotiales_unclassified
FOtu0077,Fungi,Ascomycota,Dothideomycetes,Dothideales,Aureobasidiaceae,Aureobasidium,Aureobasidium
FOtu0078,Fungi,Basidiomycota,Microbotryomycetes,Leucosporidiales,Leucosporidiales_unclassified,Leucosporidiales_unclassified,Leucosporidiales_unclassified
FOtu0079,Fungi,Ascomycota,Eurotiomycetes,Chaetothyriales,Chaetothyriales_unclassified,Chaetothyriales_unclassified,Chaetothyriales_unclassified
FOtu0084,Fungi,Basidiomycota,Microbotryomycetes,Leucosporidiales,Leucosporidiaceae,Leucosporidiaceae_unclassified,Leucosporidiaceae_unclassified
FOtu0087,Fungi,Ascomycota,Dothideomycetes,Capnodiales,Capnodiales_unclassified,Capnodiales_unclassified,Capnodiales_unclassified
FOtu0088,Fungi,Ascomycota,Eurotiomycetes,Chaetothyriales,Herpotrichiellaceae,unclassified_Herpotrichiellaceae,unclassified_Herpotrichiellaceae
FOtu0089,Fungi,Ascomycota,Dothideomycetes,Capnodiales,unclassified_Capnodiales,unclassified_Capnodiales,unclassified_Capnodiales
FOtu0091,Fungi,Ascomycota,Dothideomycetes,Pleosporales,Sporormiaceae,unclassified_Sporormiaceae,unclassified_Sporormiaceae
FOtu0092,Fungi,Basidiomycota,Microbotryomycetes,Microbotryomycetes_unclassified,Microbotryomycetes_unclassified,Microbotryomycetes_unclassified,Microbotryomycetes_unclassified
FOtu0093,Fungi,Basidiomycota,Microbotryomycetes,unclassified_Microbotryomycetes,unclassified_Microbotryomycetes,unclassified_Microbotryomycetes,unclassified_Microbotryomycetes
FOtu0095,Fungi,Ascomycota,Eurotiomycetes,Chaetothyriales,Chaetothyriales_fam_Incertae_sedis,Sarcinomyces,Sarcinomyces
FOtu0097,Fungi,Basidiomycota,Ustilaginomycetes,Ustilaginales,Ustilaginaceae,Ustilago,Ustilago
FOtu0098,Fungi,Ascomycota,Dothideomycetes,Dothideales,Dothioraceae,Perusta,Perusta
FOtu0100,Fungi,Ascomycota,Lecanoromycetes,Lecanoromycetes_unclassified,Lecanoromycetes_unclassified,Lecanoromycetes_unclassified,Lecanoromycetes_unclassified
FOtu0101,Fungi,Ascomycota,Dothideomycetes,Capnodiales,Capnodiales_fam_Incertae_sedis,Arthrocatena,Arthrocatena
FOtu0102,Fungi,Ascomycota,Dothideomycetes,Dothideales,Dothioraceae,unclassified_Dothioraceae,unclassified_Dothioraceae
FOtu0103,Fungi,Ascomycota,Lecanoromycetes,Lecanoromycetes_unclassified,Lecanoromycetes_unclassified,Lecanoromycetes_unclassified,Lecanoromycetes_unclassified
FOtu0104,Fungi,Basidiomycota,Microbotryomycetes,Leucosporidiales,Leucosporidiales_unclassified,Leucosporidiales_unclassified,Leucosporidiales_unclassified
FOtu0106,Fungi,Basidiomycota,Microbotryomycetes,Microbotryomycetes_unclassified,Microbotryomycetes_unclassified,Microbotryomycetes_unclassified,Microbotryomycetes_unclassified
FOtu0110,Fungi,Ascomycota,Leotiomycetes,Rhytismatales,Rhytismataceae,Lophodermium,Lophodermium
FOtu0111,Fungi,Ascomycota,Ascomycota_unclassified,Ascomycota_unclassified,Ascomycota_unclassified,Ascomycota_unclassified,Ascomycota_unclassified
FOtu0114,Fungi,Ascomycota,Dothideomycetes,Dothideomycetes_unclassified,Dothideomycetes_unclassified,Dothideomycetes_unclassified,Dothideomycetes_unclassified
FOtu0115,Fungi,Ascomycota,Dothideomycetes,Capnodiales,Teratosphaeriaceae,Lapidomyces,Lapidomyces
FOtu0116,Fungi,Ascomycota,Ascomycota_unclassified,Ascomycota_unclassified,Ascomycota_unclassified,Ascomycota_unclassified,Ascomycota_unclassified
FOtu0117,Fungi,Ascomycota,Dothideomycetes,Pleosporales,Lophiostomataceae,Lophiostoma,Lophiostoma
FOtu0118,Fungi,Ascomycota,Dothideomycetes,Pleosporales,Phaeosphaeriaceae,Juncaceicola,Juncaceicola
FOtu0120,Fungi,Ascomycota,Ascomycota_unclassified,Ascomycota_unclassified,Ascomycota_unclassified,Ascomycota_unclassified,Ascomycota_unclassified
FOtu0121,Fungi,Basidiomycota,Microbotryomycetes,Leucosporidiales,Leucosporidiaceae,Leucosporidiaceae_unclassified,Leucosporidiaceae_unclassified
FOtu0124,Fungi,Ascomycota,Saccharomycetes,Saccharomycetales,Saccharomycetaceae,Nakaseomyces,Nakaseomyces
FOtu0126,Fungi,Ascomycota,Dothideomycetes,Capnodiales,Cladosporiaceae,Rachicladosporium,Rachicladosporium
FOtu0128,Fungi,Basidiomycota,Agaricomycetes,Cantharellales,Cantharellales_fam_Incertae_sedis,Sistotrema,Sistotrema
FOtu0129,Fungi,Ascomycota,Dothideomycetes,Pleosporales,Sporormiaceae,unclassified_Sporormiaceae,unclassified_Sporormiaceae
FOtu0130,Fungi,Ascomycota,Dothideomycetes,Pleosporales,Pleosporales_unclassified,Pleosporales_unclassified,Pleosporales_unclassified
FOtu0131,Fungi,Ascomycota,Dothideomycetes,Pleosporales,Leptosphaeriaceae,Leptosphaeriaceae_unclassified,Leptosphaeriaceae_unclassified
FOtu0132,Fungi,Ascomycota,Sordariomycetes,Sordariales,Sordariaceae,Neurospora,Neurospora
FOtu0133,Fungi,Ascomycota,Eurotiomycetes,Chaetothyriales,unclassified_Chaetothyriales,unclassified_Chaetothyriales,unclassified_Chaetothyriales
FOtu0134,Fungi,Ascomycota,Ascomycota_unclassified,Ascomycota_unclassified,Ascomycota_unclassified,Ascomycota_unclassified,Ascomycota_unclassified
FOtu0138,Fungi,Basidiomycota,Microbotryomycetes,Microbotryomycetes_unclassified,Microbotryomycetes_unclassified,Microbotryomycetes_unclassified,Microbotryomycetes_unclassified
FOtu0139,Fungi,Basidiomycota,Microbotryomycetes,Leucosporidiales,Leucosporidiales_unclassified,Leucosporidiales_unclassified,Leucosporidiales_unclassified
FOtu0142,Fungi,Ascomycota,Dothideomycetes,Pleosporales,Leptosphaeriaceae,Leptosphaeriaceae_unclassified,Leptosphaeriaceae_unclassified
FOtu0143,Fungi,Ascomycota,Dothideomycetes,Pleosporales,Leptosphaeriaceae,Leptosphaeriaceae_unclassified,Leptosphaeriaceae_unclassified
FOtu0146,Fungi,Ascomycota,Dothideomycetes,Pleosporales,Phaeosphaeriaceae,Phaeosphaeriaceae_unclassified,Phaeosphaeriaceae_unclassified
FOtu0147,Fungi,Ascomycota,Dothideomycetes,Pleosporales,Phaeosphaeriaceae,Chaetosphaeronema,Chaetosphaeronema
FOtu0149,Fungi,Basidiomycota,Microbotryomycetes,unclassified_Microbotryomycetes,unclassified_Microbotryomycetes,unclassified_Microbotryomycetes,unclassified_Microbotryomycetes
FOtu0152,Fungi,Basidiomycota,Microbotryomycetes,Leucosporidiales,Leucosporidiaceae,Leucosporidiaceae_unclassified,Leucosporidiaceae_unclassified
FOtu0153,Fungi,Ascomycota,Dothideomycetes,Pleosporales,Pleosporaceae,Neocamarosporium,Neocamarosporium
FOtu0156,Fungi,Ascomycota,Eurotiomycetes,Chaetothyriales,unclassified_Chaetothyriales,unclassified_Chaetothyriales,unclassified_Chaetothyriales
FOtu0161,Fungi,Ascomycota,Dothideomycetes,Dothideales,Aureobasidiaceae,Aureobasidium,Aureobasidium
FOtu0162,Fungi,Ascomycota,Dothideomycetes,Pleosporales,Leptosphaeriaceae,Leptosphaeriaceae_unclassified,Leptosphaeriaceae_unclassified
FOtu0163,Fungi,Ascomycota,Ascomycota_unclassified,Ascomycota_unclassified,Ascomycota_unclassified,Ascomycota_unclassified,Ascomycota_unclassified
FOtu0164,Fungi,Ascomycota,Dothideomycetes,Pleosporales,Sporormiaceae,unclassified_Sporormiaceae,unclassified_Sporormiaceae
FOtu0167,Fungi,Ascomycota,Lecanoromycetes,Lecanorales,Parmeliaceae,Melanohalea,Melanohalea
FOtu0168,Fungi,Ascomycota,Eurotiomycetes,Chaetothyriales,Herpotrichiellaceae,Cladophialophora,Cladophialophora
FOtu0169,Fungi,Ascomycota,Dothideomycetes,Mytilinidiales,Mytilinidiaceae,Lophium,Lophium
FOtu0171,Fungi,Ascomycota,Dothideomycetes,Pleosporales,Pleosporales_unclassified,Pleosporales_unclassified,Pleosporales_unclassified
FOtu0173,Fungi,Ascomycota,Lecanoromycetes,Lecanoromycetes_unclassified,Lecanoromycetes_unclassified,Lecanoromycetes_unclassified,Lecanoromycetes_unclassified
FOtu0175,Fungi,Ascomycota,Dothideomycetes,Pleosporales,unclassified_Pleosporales,unclassified_Pleosporales,unclassified_Pleosporales
FOtu0176,Fungi,Ascomycota,Ascomycota_unclassified,Ascomycota_unclassified,Ascomycota_unclassified,Ascomycota_unclassified,Ascomycota_unclassified
FOtu0178,Fungi,Basidiomycota,Microbotryomycetes,unclassified_Microbotryomycetes,unclassified_Microbotryomycetes,unclassified_Microbotryomycetes,unclassified_Microbotryomycetes
FOtu0180,Fungi,Chytridiomycota,Monoblepharidomycetes,Monoblepharidales,Monoblepharidales_incertae_sedis,Hyaloraphidium,Hyaloraphidium
FOtu0181,Fungi,Ascomycota,Dothideomycetes,Pleosporales,Pleosporaceae,unclassified_Pleosporaceae,unclassified_Pleosporaceae
FOtu0183,Fungi,Basidiomycota,Tremellomycetes,Tremellales,Bulleraceae,Bullera,Bullera
FOtu0184,Fungi,Ascomycota,Dothideomycetes,Pleosporales,Didymosphaeriaceae,Didymosphaeriaceae_unclassified,Didymosphaeriaceae_unclassified
FOtu0187,Fungi,Basidiomycota,Exobasidiomycetes,Tilletiales,Tilletiaceae,Tilletia,Tilletia
FOtu0188,Fungi,Ascomycota,Eurotiomycetes,Chaetothyriales,Trichomeriaceae,Knufia,Knufia
FOtu0189,Fungi,Chytridiomycota,Monoblepharidomycetes,Monoblepharidales,Monoblepharidales_incertae_sedis,Hyaloraphidium,Hyaloraphidium
FOtu0190,Fungi,Ascomycota,Dothideomycetes,Pleosporales,unclassified_Pleosporales,unclassified_Pleosporales,unclassified_Pleosporales
FOtu0191,Fungi,Basidiomycota,Microbotryomycetes,unclassified_Microbotryomycetes,unclassified_Microbotryomycetes,unclassified_Microbotryomycetes,unclassified_Microbotryomycetes
FOtu0192,Fungi,Ascomycota,Dothideomycetes,Dothideales,unclassified_Dothideales,unclassified_Dothideales,unclassified_Dothideales
FOtu0195,Fungi,Ascomycota,Dothideomycetes,Dothideomycetes_unclassified,Dothideomycetes_unclassified,Dothideomycetes_unclassified,Dothideomycetes_unclassified
FOtu0196,Fungi,Ascomycota,Ascomycota_unclassified,Ascomycota_unclassified,Ascomycota_unclassified,Ascomycota_unclassified,Ascomycota_unclassified
FOtu0199,Fungi,Ascomycota,Ascomycota_unclassified,Ascomycota_unclassified,Ascomycota_unclassified,Ascomycota_unclassified,Ascomycota_unclassified
FOtu0200,Fungi,Ascomycota,Saccharomycetes,Saccharomycetales,Saccharomycetaceae,Nakaseomyces,Nakaseomyces
FOtu0201,Fungi,Basidiomycota,Microbotryomycetes,Leucosporidiales,Leucosporidiaceae,Leucosporidiaceae_unclassified,Leucosporidiaceae_unclassified
FOtu0203,Fungi,Ascomycota,Lecanoromycetes,Lecanorales,Lecanoraceae,Rhizoplaca,Rhizoplaca
FOtu0207,Fungi,Ascomycota,Dothideomycetes,Pleosporales,Melanommataceae,Herpotrichia,Herpotrichia
FOtu0208,Fungi,Ascomycota,Dothideomycetes,Pleosporales,Phaeosphaeriaceae,Dematiopleospora,Dematiopleospora
FOtu0209,Fungi,Ascomycota,Ascomycota_unclassified,Ascomycota_unclassified,Ascomycota_unclassified,Ascomycota_unclassified,Ascomycota_unclassified
FOtu0212,Fungi,Ascomycota,Saccharomycetes,Saccharomycetales,Saccharomycetaceae,Nakaseomyces,Nakaseomyces
FOtu0213,Fungi,Ascomycota,Dothideomycetes,Tubeufiales,Tubeufiaceae,Helicoma,Helicoma
FOtu0214,Fungi,Ascomycota,Dothideomycetes,Dothideomycetes_unclassified,Dothideomycetes_unclassified,Dothideomycetes_unclassified,Dothideomycetes_unclassified
FOtu0215,Fungi,Ascomycota,Lecanoromycetes,Caliciales,Physciaceae,Physcia,Physcia
FOtu0223,Fungi,Basidiomycota,Microbotryomycetes,unclassified_Microbotryomycetes,unclassified_Microbotryomycetes,unclassified_Microbotryomycetes,unclassified_Microbotryomycetes
FOtu0224,Fungi,Ascomycota,Sordariomycetes,Xylariales,Hyponectriaceae,Physalospora,Physalospora
FOtu0225,Fungi,Ascomycota,Dothideomycetes,Mytilinidiales,Mytilinidiaceae,Lophium,Lophium
FOtu0227,Fungi,Ascomycota,Ascomycota_unclassified,Ascomycota_unclassified,Ascomycota_unclassified,Ascomycota_unclassified,Ascomycota_unclassified
FOtu0231,Fungi,Ascomycota,Dothideomycetes,Pleosporales,Pleosporaceae,Neocamarosporium,Neocamarosporium
FOtu0233,Fungi,Ascomycota,Dothideomycetes,Pleosporales,Phaeosphaeriaceae,Phaeosphaeriaceae_unclassified,Phaeosphaeriaceae_unclassified
FOtu0234,Fungi,Ascomycota,Ascomycota_unclassified,Ascomycota_unclassified,Ascomycota_unclassified,Ascomycota_unclassified,Ascomycota_unclassified
FOtu0236,Fungi,Ascomycota,Dothideomycetes,Capnodiales,Capnodiales_unclassified,Capnodiales_unclassified,Capnodiales_unclassified
FOtu0238,Fungi,Basidiomycota,Microbotryomycetes,Microbotryomycetes_unclassified,Microbotryomycetes_unclassified,Microbotryomycetes_unclassified,Microbotryomycetes_unclassified
FOtu0240,Fungi,Ascomycota,Ascomycota_unclassified,Ascomycota_unclassified,Ascomycota_unclassified,Ascomycota_unclassified,Ascomycota_unclassified
FOtu0242,Fungi,Chytridiomycota,Monoblepharidomycetes,Monoblepharidales,Monoblepharidales_incertae_sedis,Hyaloraphidium,Hyaloraphidium
FOtu0247,Fungi,Ascomycota,Saccharomycetes,Saccharomycetales,Saccharomycetales_Incertae_sedis,Candida,Candida
FOtu0248,Fungi,Chytridiomycota,Chytridiomycetes,Rhizophydiales,Rhizophydiaceae,Rhizophydium,Rhizophydium
FOtu0252,Fungi,Ascomycota,Dothideomycetes,Capnodiales,Teratosphaeriaceae,Lapidomyces,Lapidomyces
FOtu0256,Fungi,Basidiomycota,Microbotryomycetes,Microbotryomycetes_unclassified,Microbotryomycetes_unclassified,Microbotryomycetes_unclassified,Microbotryomycetes_unclassified
FOtu0258,Fungi,Ascomycota,Ascomycota_unclassified,Ascomycota_unclassified,Ascomycota_unclassified,Ascomycota_unclassified,Ascomycota_unclassified
FOtu0262,Fungi,Ascomycota,Lecanoromycetes,Umbilicariales,Umbilicariaceae,Umbilicaria,Umbilicaria
FOtu0264,Fungi,Ascomycota,Dothideomycetes,Pleosporales,Didymosphaeriaceae,Paraconiothyrium,Paraconiothyrium
FOtu0266,Fungi,Ascomycota,Dothideomycetes,Pleosporales,Pleosporaceae,Alternaria,Alternaria
FOtu0268,Fungi,Ascomycota,Ascomycota_unclassified,Ascomycota_unclassified,Ascomycota_unclassified,Ascomycota_unclassified,Ascomycota_unclassified
FOtu0269,Fungi,Ascomycota,Dothideomycetes,Myriangiales,Myriangiales_fam_Incertae_sedis,Endosporium,Endosporium
FOtu0270,Fungi,Ascomycota,Dothideomycetes,Dothideales,Dothideales_unclassified,Dothideales_unclassified,Dothideales_unclassified
FOtu0273,Fungi,Basidiomycota,Microbotryomycetes,unclassified_Microbotryomycetes,unclassified_Microbotryomycetes,unclassified_Microbotryomycetes,unclassified_Microbotryomycetes
FOtu0274,Fungi,Basidiomycota,Microbotryomycetes,Microbotryomycetes_unclassified,Microbotryomycetes_unclassified,Microbotryomycetes_unclassified,Microbotryomycetes_unclassified
FOtu0276,Fungi,Ascomycota,Eurotiomycetes,Eurotiomycetes_unclassified,Eurotiomycetes_unclassified,Eurotiomycetes_unclassified,Eurotiomycetes_unclassified
FOtu0277,Fungi,Basidiomycota,Microbotryomycetes,unclassified_Microbotryomycetes,unclassified_Microbotryomycetes,unclassified_Microbotryomycetes,unclassified_Microbotryomycetes
FOtu0284,Fungi,Basidiomycota,Microbotryomycetes,unclassified_Microbotryomycetes,unclassified_Microbotryomycetes,unclassified_Microbotryomycetes,unclassified_Microbotryomycetes
FOtu0285,Fungi,Ascomycota,Dothideomycetes,Capnodiales,Teratosphaeriaceae,Elasticomyces,Elasticomyces
FOtu0286,Fungi,Basidiomycota,Microbotryomycetes,unclassified_Microbotryomycetes,unclassified_Microbotryomycetes,unclassified_Microbotryomycetes,unclassified_Microbotryomycetes
FOtu0287,Fungi,Ascomycota,Dothideomycetes,Pleosporales,Pleosporaceae,Comoclathris,Comoclathris
FOtu0288,Fungi,Ascomycota,Lecanoromycetes,Lecanorales,Parmeliaceae,Pseudephebe,Pseudephebe
FOtu0301,Fungi,Ascomycota,Dothideomycetes,Pleosporales,Pleosporaceae,Alternaria,Alternaria
FOtu0306,Fungi,Ascomycota,Dothideomycetes,Pleosporales,Pleosporales_unclassified,Pleosporales_unclassified,Pleosporales_unclassified
FOtu0307,Fungi,Ascomycota,Dothideomycetes,Dothideales,Aureobasidiaceae,Aureobasidium,Aureobasidium
FOtu0308,Fungi,Ascomycota,Dothideomycetes,Pleosporales,Pleomassariaceae,unclassified_Pleomassariaceae,unclassified_Pleomassariaceae
FOtu0312,Fungi,Ascomycota,Dothideomycetes,Pleosporales,Leptosphaeriaceae,Leptosphaeriaceae_unclassified,Leptosphaeriaceae_unclassified
FOtu0313,Fungi,Ascomycota,Dothideomycetes,Pleosporales,Sporormiaceae,Sporormia,Sporormia
FOtu0315,Fungi,Basidiomycota,Agaricomycetes,Agaricales,Lycoperdaceae,Lycoperdon,Lycoperdon
FOtu0316,Fungi,Ascomycota,Dothideomycetes,Capnodiales,unclassified_Capnodiales,unclassified_Capnodiales,unclassified_Capnodiales
FOtu0318,Fungi,Ascomycota,Dothideomycetes,Pleosporales,Phaeosphaeriaceae,Phaeosphaeriaceae_unclassified,Phaeosphaeriaceae_unclassified
FOtu0328,Fungi,Basidiomycota,Tremellomycetes,Tremellales,Tremellaceae,Cryptococcus,Cryptococcus
FOtu0332,Fungi,Basidiomycota,Microbotryomycetes,unclassified_Microbotryomycetes,unclassified_Microbotryomycetes,unclassified_Microbotryomycetes,unclassified_Microbotryomycetes
FOtu0333,Fungi,Basidiomycota,Agaricomycetes,Cantharellales,Cantharellales_fam_Incertae_sedis,Sistotrema,Sistotrema
FOtu0334,Fungi,Ascomycota,Dothideomycetes,Pleosporales,Pleosporales_unclassified,Pleosporales_unclassified,Pleosporales_unclassified
FOtu0335,Fungi,Ascomycota,Ascomycota_unclassified,Ascomycota_unclassified,Ascomycota_unclassified,Ascomycota_unclassified,Ascomycota_unclassified
FOtu0340,Fungi,Basidiomycota,Microbotryomycetes,unclassified_Microbotryomycetes,unclassified_Microbotryomycetes,unclassified_Microbotryomycetes,unclassified_Microbotryomycetes
FOtu0342,Fungi,Ascomycota,Dothideomycetes,Venturiales,Venturiaceae,Venturia,Venturia
FOtu0343,Fungi,Ascomycota,Dothideomycetes,Dothideales,unclassified_Dothideales,unclassified_Dothideales,unclassified_Dothideales
FOtu0349,Fungi,Ascomycota,Dothideomycetes,Pleosporales,Sporormiaceae,Preussia,Preussia
FOtu0364,Fungi,Basidiomycota,Microbotryomycetes,unclassified_Microbotryomycetes,unclassified_Microbotryomycetes,unclassified_Microbotryomycetes,unclassified_Microbotryomycetes
FOtu0372,Fungi,Basidiomycota,Microbotryomycetes,Microbotryomycetes_unclassified,Microbotryomycetes_unclassified,Microbotryomycetes_unclassified,Microbotryomycetes_unclassified
FOtu0373,Fungi,Ascomycota,Dothideomycetes,Capnodiales,Teratosphaeriaceae,Teratosphaeriaceae_unclassified,Teratosphaeriaceae_unclassified
FOtu0376,Fungi,Ascomycota,Dothideomycetes,Pleosporales,Phaeosphaeriaceae,unclassified_Phaeosphaeriaceae,unclassified_Phaeosphaeriaceae
FOtu0381,Fungi,Ascomycota,Dothideomycetes,Capnodiales,Teratosphaeriaceae,Friedmanniomyces,Friedmanniomyces
FOtu0400,Fungi,Ascomycota,Arthoniomycetes,Lichenostigmatales,Phaeococcomycetaceae,Phaeococcomyces,Phaeococcomyces
FOtu0405,Fungi,Ascomycota,Dothideomycetes,Capnodiales,Cladosporiaceae,Rachicladosporium,Rachicladosporium
FOtu0434,Fungi,Ascomycota,Dothideomycetes,Capnodiales,Mycosphaerellaceae,unclassified_Mycosphaerellaceae,unclassified_Mycosphaerellaceae
FOtu0444,Fungi,Ascomycota,Dothideomycetes,Dothideales,Dothideaceae,Dothideaceae_unclassified,Dothideaceae_unclassified
FOtu0450,Fungi,Ascomycota,Dothideomycetes,Pleosporales,Pleosporales_unclassified,Pleosporales_unclassified,Pleosporales_unclassified
FOtu0459,Fungi,Basidiomycota,Microbotryomycetes,unclassified_Microbotryomycetes,unclassified_Microbotryomycetes,unclassified_Microbotryomycetes,unclassified_Microbotryomycetes