OTU,family,genus,species
F.Otu0001,Chytridiomycota_unclassified,Chytridiomycota,Chytridiomycota_unclassified
A.Otu0001,Chlamydomonadaceae,Chlamydomonas,Chlamydomonas_nivalis
B.Otu0001,Sphingobacteriaceae,Solitalea,Solitalea
B.Otu0002,Hymenobacteraceae,Hymenobacter,Hymenobacter
A.Otu0002,Chlamydomonadaceae,Chlamydomonas,Chlamydomonas_nivalis
F.Otu0002,unclassified_Microbotryomycetes,unclassified,unclassified_Microbotryomycetes
B.Otu0004,Burkholderiaceae,Polaromonas,Polaromonas
B.Otu0003,Chitinophagaceae,Ferruginibacter,Ferruginibacter
F.Otu0003,Leucosporidiaceae,Leucosporidiaceae,Leucosporidiaceae_unclassified
F.Otu0005,Leucosporidiales_unclassified,Leucosporidiales,Leucosporidiales_unclassified
B.Otu0006,Acetobacteraceae,uncultured,uncultured
A.Otu0004,Koliellaceae,Raphidonema,Raphidonema_nivale
B.Otu0005,Burkholderiaceae,Rhizobacter,Rhizobacter
F.Otu0011,Leucosporidiaceae,Leucosporidiaceae,Leucosporidiaceae_unclassified
B.Otu0010,Rhodanobacteraceae,Rhodanobacter,Rhodanobacter
F.Otu0008,unclassified_Leucosporidiales,unclassified,unclassified_Leucosporidiales
F.Otu0013,Trigonopsidaceae,Trigonopsis,Trigonopsis
B.Otu0008,Chitinophagaceae,Ferruginibacter,Ferruginibacter
F.Otu0015,Monoblepharidales_incertae_sedis,Hyaloraphidium,Hyaloraphidium
F.Otu0009,Agaricomycetes_unclassified,Agaricomycetes,Agaricomycetes_unclassified
B.Otu0007,Microbacteriaceae,Parafrigoribacterium,Parafrigoribacterium
B.Otu0017,Chitinophagaceae,Ferruginibacter,Ferruginibacter
B.Otu0018,Solimonadaceae,uncultured,uncultured
A.Otu0006,Chlamydomonadaceae,Chlamydomonas,Chlamydomonas_nivalis
F.Otu0016,Microbotryomycetes_unclassified,Microbotryomycetes,Microbotryomycetes_unclassified
F.Otu0021,Leucosporidiaceae,Leucosporidium,Leucosporidium
B.Otu0011,uncultured,uncultured_ge,uncultured_ge
B.Otu0022,Nakamurellaceae,Nakamurella,Nakamurella
F.Otu0022,Monoblepharidales_incertae_sedis,Hyaloraphidium,Hyaloraphidium
B.Otu0012,Chitinophagaceae,uncultured,uncultured
F.Otu0020,Leucosporidiaceae,Leucosporidiaceae,Leucosporidiaceae_unclassified
F.Otu0024,Microbotryomycetes_unclassified,Microbotryomycetes,Microbotryomycetes_unclassified
F.Otu0025,Microbotryomycetes_unclassified,Microbotryomycetes,Microbotryomycetes_unclassified
A.Otu0009,Chlamydomonadaceae,Chlamydomonas,Chlamydomonas_reinhardtii
F.Otu0026,Chytridiomycota_unclassified,Chytridiomycota,Chytridiomycota_unclassified
B.Otu0020,Burkholderiaceae,Burkholderiaceae_ge,Burkholderiaceae_ge
B.Otu0024,Burkholderiaceae,Herminiimonas,Herminiimonas
F.Otu0027,Microbotryomycetes_unclassified,Microbotryomycetes,Microbotryomycetes_unclassified
B.Otu0016,Burkholderiaceae,Burkholderiaceae_unclassified,Burkholderiaceae_unclassified
B.Otu0009,Burkholderiaceae,Massilia,Massilia
F.Otu0028,unclassified_Microbotryomycetes,unclassified,unclassified_Microbotryomycetes
B.Otu0014,Bacillaceae,Caldalkalibacillus,Caldalkalibacillus
B.Otu0025,Spirosomaceae,Arcicella,Arcicella
B.Otu0015,Micrococcaceae,Nesterenkonia,Nesterenkonia
F.Otu0029,Leucosporidiaceae,Leucosporidiaceae,Leucosporidiaceae_unclassified
B.Otu0027,Burkholderiaceae,Piscinibacter,Piscinibacter
B.Otu0023,Sphingomonadaceae,Novosphingobium,Novosphingobium
F.Otu0031,Leucosporidiaceae,Leucosporidiaceae,Leucosporidiaceae_unclassified
A.Otu0005,Chlamydomonadaceae,Chlamydomonas,Chlamydomonas_sp
F.Otu0017,Dothioraceae,Hormonema,Hormonema
F.Otu0036,Leucosporidiaceae,Leucosporidiaceae,Leucosporidiaceae_unclassified
F.Otu0012,Microbotryomycetes_unclassified,Microbotryomycetes,Microbotryomycetes_unclassified
F.Otu0039,unclassified_Microbotryomycetes,unclassified,unclassified_Microbotryomycetes
B.Otu0030,Burkholderiaceae,Rhodoferax,Rhodoferax
A.Otu0015,Chlamydomonadaceae,Chlainomonas,Chlainomonas_sp
F.Otu0046,Dermateaceae,Scleropezicula,Scleropezicula
F.Otu0047,Sporidiobolaceae,Rhodotorula,Rhodotorula
F.Otu0048,Monoblepharidales_incertae_sedis,Hyaloraphidium,Hyaloraphidium
B.Otu0033,uncultured,uncultured_ge,uncultured_ge
F.Otu0050,Leucosporidiaceae,Leucosporidiaceae,Leucosporidiaceae_unclassified
F.Otu0053,Chytridiomycota_unclassified,Chytridiomycota,Chytridiomycota_unclassified
F.Otu0038,Chaetothyriales_fam_Incertae_sedis,Sarcinomyces,Sarcinomyces
F.Otu0055,Leucosporidiaceae,Leucosporidiaceae,Leucosporidiaceae_unclassified
B.Otu0036,Burkholderiaceae,Glaciimonas,Glaciimonas
F.Otu0007,Mycosphaerellaceae,Mycosphaerella,Mycosphaerella
A.Otu0022,Chlorococcaceae,Chlorococcum,Chlorococcum_vacuolatum
A.Otu0020,Chlamydomonadaceae,Chlamydomonas,Chlamydomonas_nivalis
B.Otu0039,Acetobacteraceae,uncultured,uncultured
B.Otu0026,Halomonadaceae,Halomonas,Halomonas
B.Otu0041,Prevotellaceae,Prevotella_9,Prevotella_9
B.Otu0028,Bacillaceae,Caldalkalibacillus,Caldalkalibacillus
B.Otu0031,Pseudomonadaceae,Pseudomonas,Pseudomonas
B.Otu0043,Methylophilaceae,Methylotenera,Methylotenera
F.Otu0018,Leucosporidiaceae,Leucosporidiaceae,Leucosporidiaceae_unclassified
B.Otu0032,Micrococcaceae,Nesterenkonia,Nesterenkonia
F.Otu0068,Microbotryomycetes_unclassified,Microbotryomycetes,Microbotryomycetes_unclassified
B.Otu0037,Burkholderiaceae,Actimicrobium,Actimicrobium
B.Otu0047,Chitinophagaceae,Ferruginibacter,Ferruginibacter
F.Otu0066,unclassified_Microbotryomycetes,unclassified,unclassified_Microbotryomycetes
F.Otu0081,Saccharomycetaceae,Nakaseomyces,Nakaseomyces
F.Otu0082,Trapeliaceae,Placynthiella,Placynthiella
A.Otu0030,Chlamydomonadaceae,Chloromonas,Chloromonas_nivalis_subsp_tatrae
F.Otu0078,Leucosporidiales_unclassified,Leucosporidiales,Leucosporidiales_unclassified
A.Otu0032,Chlorophyceae,,
A.Otu0033,Chlamydomonadaceae,Chloromonas,Chloromonas_pichinchae
A.Otu0034,Chlorellaceae,Pseudochlorella,Pseudochlorella_pyrenoidosa
F.Otu0094,Monoblepharidales_incertae_sedis,Hyaloraphidium,Hyaloraphidium
F.Otu0096,Parmeliaceae,Parmeliaceae,Parmeliaceae_unclassified
F.Otu0072,Dothioraceae,Perusta,Perusta
B.Otu0055,Ruminococcaceae,Faecalibacterium,Faecalibacterium
A.Otu0028,Trebouxiaceae,Trebouxia,Trebouxia_sp
A.Otu0037,Chlamydomonadaceae,Scotiella,Scotiella_cryophila
A.Otu0038,Chlamydomonadaceae,Chlamydomonas,Chlamydomonas_callunae
F.Otu0105,Hyaloscyphaceae,Hyaloscyphaceae,Hyaloscyphaceae_unclassified
B.Otu0053,Burkholderiaceae,Burkholderiaceae_unclassified,Burkholderiaceae_unclassified
F.Otu0107,Monoblepharidales_incertae_sedis,Hyaloraphidium,Hyaloraphidium
F.Otu0093,unclassified_Microbotryomycetes,unclassified,unclassified_Microbotryomycetes
F.Otu0108,Leucosporidiales_unclassified,Leucosporidiales,Leucosporidiales_unclassified
F.Otu0109,Helotiaceae,Helotiaceae,Helotiaceae_unclassified
F.Otu0079,Chaetothyriales_unclassified,Chaetothyriales,Chaetothyriales_unclassified
F.Otu0113,Microbotryomycetes_unclassified,Microbotryomycetes,Microbotryomycetes_unclassified
F.Otu0112,Microbotryomycetes_unclassified,Microbotryomycetes,Microbotryomycetes_unclassified
F.Otu0052,Dothideaceae,Celosporium,Celosporium
F.Otu0049,Didymellaceae,Didymella,Didymella
F.Otu0119,Leucosporidiales_unclassified,Leucosporidiales,Leucosporidiales_unclassified
F.Otu0122,Microbotryomycetes_unclassified,Microbotryomycetes,Microbotryomycetes_unclassified
B.Otu0038,Bacillaceae,Bacillaceae_unclassified,Bacillaceae_unclassified
F.Otu0127,Microbotryomycetes_unclassified,Microbotryomycetes,Microbotryomycetes_unclassified
A.Otu0042,Haematococcaceae,Balticola,Balticola_sp
A.Otu0046,Chlamydomonadaceae,Chlamydomonas,Chlamydomonas_nivalis
A.Otu0044,Chlamydomonadaceae,Chloromonas,Chloromonas_pichinchae
B.Otu0019,Chitinophagaceae,uncultured,uncultured
A.Otu0048,Chlamydomonadaceae,Chloromonas,Chloromonas_pichinchae
F.Otu0135,Microbotryomycetes_ord_Incertae_sedis_uc,Microbotryomycetes,Microbotryomycetes_ord_Incertae_sedis_uc
F.Otu0136,Helotiaceae,Fontanospora,Fontanospora
F.Otu0006,Microbotryomycetes_unclassified,Microbotryomycetes,Microbotryomycetes_unclassified
B.Otu0059,Acetobacteraceae,Acetobacteraceae_unclassified,Acetobacteraceae_unclassified
F.Otu0140,Leucosporidiaceae,Leucosporidiaceae,Leucosporidiaceae_unclassified
F.Otu0144,Leucosporidiales_unclassified,Leucosporidiales,Leucosporidiales_unclassified
F.Otu0121,Leucosporidiaceae,Leucosporidiaceae,Leucosporidiaceae_unclassified
F.Otu0141,Leucosporidiaceae,Leucosporidiaceae,Leucosporidiaceae_unclassified
F.Otu0145,Leucosporidiales_unclassified,Leucosporidiales,Leucosporidiales_unclassified
F.Otu0151,unclassified_Leucosporidiales,unclassified,unclassified_Leucosporidiales
A.Otu0052,Chlorococcaceae,Chlorococcum,Chlorococcum_vacuolatum
F.Otu0159,Rhizocarpaceae,Rhizocarpon,Rhizocarpon
F.Otu0160,Microbotryomycetes_unclassified,Microbotryomycetes,Microbotryomycetes_unclassified
F.Otu0158,Parmeliaceae,Bryoria,Bryoria
F.Otu0045,Dothioraceae,Perusta,Perusta
F.Otu0106,Microbotryomycetes_unclassified,Microbotryomycetes,Microbotryomycetes_unclassified
A.Otu0055,Chlamydomonadaceae,Chlamydomonas,Chlamydomonas_reinhardtii
F.Otu0154,Microbotryomycetes_unclassified,Microbotryomycetes,Microbotryomycetes_unclassified
B.Otu0076,Proteobacteria_unclassified,Proteobacteria_unclassified,Proteobacteria_unclassified
B.Otu0060,Chitinophagaceae,Ferruginibacter,Ferruginibacter
F.Otu0165,Ascomycota_unclassified,Ascomycota,Ascomycota_unclassified
B.Otu0071,Xanthobacteraceae,Tardiphaga,Tardiphaga
F.Otu0174,Microbotryomycetes_unclassified,Microbotryomycetes,Microbotryomycetes_unclassified
A.Otu0061,Haematococcaceae,Haematococcus,Haematococcus_rubicundus
A.Otu0062,Chlamydomonadaceae,Chlamydomonas,Chlamydomonas_debaryana
F.Otu0116,Ascomycota_unclassified,Ascomycota,Ascomycota_unclassified
F.Otu0030,Aureobasidiaceae,Aureobasidium,Aureobasidium
B.Otu0052,Sphingomonadaceae,Sphingomonas,Sphingomonas
B.Otu0066,uncultured,uncultured_ge,uncultured_ge
F.Otu0179,Monoblepharidales_incertae_sedis,Hyaloraphidium,Hyaloraphidium
F.Otu0182,Microbotryomycetes_unclassified,Microbotryomycetes,Microbotryomycetes_unclassified
B.Otu0089,Acidobacteriaceae_,Granulicella,Granulicella
F.Otu0185,Capnodiales_unclassified,Capnodiales,Capnodiales_unclassified
B.Otu0094,Chitinophagaceae,Ferruginibacter,Ferruginibacter
F.Otu0186,Leucosporidiaceae,Leucosporidium,Leucosporidium
F.Otu0193,Capnodiales_fam_Incertae_sedis,Phaeotheca,Phaeotheca
F.Otu0194,Leucosporidiales_unclassified,Leucosporidiales,Leucosporidiales_unclassified
A.Otu0067,Chlamydomonadaceae,Chloromonas,Chloromonas_nivalis_subsp_tatrae
F.Otu0198,Microbotryomycetes_unclassified,Microbotryomycetes,Microbotryomycetes_unclassified
A.Otu0068,Chlamydomonadales_unclassified,,
F.Otu0177,Sympoventuriaceae,unclassified,unclassified_Sympoventuriaceae
F.Otu0133,unclassified_Chaetothyriales,unclassified,unclassified_Chaetothyriales
B.Otu0108,Burkholderiaceae,Burkholderiaceae_unclassified,Burkholderiaceae_unclassified
F.Otu0156,unclassified_Chaetothyriales,unclassified,unclassified_Chaetothyriales
A.Otu0071,Chlamydomonadaceae,Chlamydomonas,Chlamydomonas_nivalis
F.Otu0033,Dothideaceae,Endoconidioma,Endoconidioma
F.Otu0178,unclassified_Microbotryomycetes,unclassified,unclassified_Microbotryomycetes
F.Otu0202,unclassified_Microbotryomycetes,unclassified,unclassified_Microbotryomycetes
F.Otu0222,Leucosporidiales_unclassified,Leucosporidiales,Leucosporidiales_unclassified
F.Otu0226,Microbotryomycetes_unclassified,Microbotryomycetes,Microbotryomycetes_unclassified
F.Otu0057,Phaeococcomycetaceae,Phaeococcomyces,Phaeococcomyces
F.Otu0138,Microbotryomycetes_unclassified,Microbotryomycetes,Microbotryomycetes_unclassified
A.Otu0074,Chlorococcaceae,Chlorococcum,Chlorococcum_vacuolatum
F.Otu0184,Didymosphaeriaceae,Didymosphaeriaceae,Didymosphaeriaceae_unclassified
F.Otu0037,unclassified_Capnodiales,unclassified,unclassified_Capnodiales
B.Otu0081,Acidobacteriaceae_,Granulicella,Granulicella
F.Otu0132,Sordariaceae,Neurospora,Neurospora
F.Otu0243,unclassified_Microbotryomycetes,unclassified,unclassified_Microbotryomycetes
A.Otu0079,Astrephomenaceae,Astrephomene,Astrephomene_gubernaculifera
A.Otu0080,Chlamydomonadaceae,Chloromonas,Chloromonas_sp
B.Otu0107,Burkholderiaceae,Polaromonas,Polaromonas
F.Otu0245,unclassified_Chaetothyriales,unclassified,unclassified_Chaetothyriales
B.Otu0116,Sphingobacteriaceae,Solitalea,Solitalea
F.Otu0249,Microbotryomycetes_unclassified,Microbotryomycetes,Microbotryomycetes_unclassified
F.Otu0237,unclassified_Microbotryomycetes,unclassified,unclassified_Microbotryomycetes
A.Otu0081,Chlorosarcinopsis_unclassified,Chlorosarcinopsis,Chlorosarcinopsis_sp
F.Otu0257,Eurotiomycetes_unclassified,Eurotiomycetes,Eurotiomycetes_unclassified
F.Otu0084,Leucosporidiaceae,Leucosporidiaceae,Leucosporidiaceae_unclassified
B.Otu0086,Flavobacteriaceae,Flavobacterium,Flavobacterium
F.Otu0199,Ascomycota_unclassified,Ascomycota,Ascomycota_unclassified
F.Otu0265,Leucosporidiaceae,Leucosporidiaceae,Leucosporidiaceae_unclassified
F.Otu0253,Sarcosomataceae,Donadinia,Donadinia
A.Otu0084,Chlamydomonadaceae,Chloromonas,Chloromonas_pichinchae
F.Otu0209,Ascomycota_unclassified,Ascomycota,Ascomycota_unclassified
F.Otu0065,Sporormiaceae,Sporormiella,Sporormiella
B.Otu0048,Acetobacteraceae,Acidiphilium,Acidiphilium
A.Otu0085,Chlamydomonadales_incertae_sedis,Tetracystis,Tetracystis_excentrica
F.Otu0235,unclassified_Microbotryomycetes,unclassified,unclassified_Microbotryomycetes
F.Otu0069,Pleosporaceae,Alternaria,Alternaria
F.Otu0180,Monoblepharidales_incertae_sedis,Hyaloraphidium,Hyaloraphidium
B.Otu0040,Acetobacteraceae,Endobacter,Endobacter
F.Otu0281,unclassified_Microbotryomycetes,unclassified,unclassified_Microbotryomycetes
B.Otu0062,Sphingomonadaceae,Rhizorhapis,Rhizorhapis
B.Otu0155,Solimonadaceae,uncultured,uncultured
B.Otu0099,uncultured,uncultured_ge,uncultured_ge
F.Otu0289,Leucosporidiales_unclassified,Leucosporidiales,Leucosporidiales_unclassified
F.Otu0280,Dothideaceae,Dothideaceae,Dothideaceae_unclassified
F.Otu0118,Phaeosphaeriaceae,Juncaceicola,Juncaceicola
B.Otu0013,Microbacteriaceae,Marisediminicola,Marisediminicola
F.Otu0296,Leucosporidiales_unclassified,Leucosporidiales,Leucosporidiales_unclassified
F.Otu0056,Sporormiaceae,Sporormiaceae,Sporormiaceae_unclassified
F.Otu0298,unclassified_Chaetothyriales,unclassified,unclassified_Chaetothyriales
F.Otu0317,Leucosporidiaceae,Leucosporidiaceae,Leucosporidiaceae_unclassified
F.Otu0225,Mytilinidiaceae,Lophium,Lophium
F.Otu0324,Sympoventuriaceae,unclassified,unclassified_Sympoventuriaceae
F.Otu0183,Bulleraceae,Bullera,Bullera
F.Otu0074,Lecanorales_unclassified,Lecanorales,Lecanorales_unclassified
F.Otu0062,Leucosporidiaceae,Leucosporidium,Leucosporidium
B.Otu0106,Acetobacteraceae,Acetobacteraceae_unclassified,Acetobacteraceae_unclassified
B.Otu0127,Hymenobacteraceae,Hymenobacter,Hymenobacter
F.Otu0337,Leucosporidiaceae,Leucosporidiaceae,Leucosporidiaceae_unclassified
F.Otu0032,Aureobasidiaceae,Aureobasidium,Aureobasidium
B.Otu0064,Rickettsiaceae,Rickettsia,Rickettsia
F.Otu0223,unclassified_Microbotryomycetes,unclassified,unclassified_Microbotryomycetes
F.Otu0359,Leucosporidiales_unclassified,Leucosporidiales,Leucosporidiales_unclassified
F.Otu0248,Rhizophydiaceae,Rhizophydium,Rhizophydium
F.Otu0362,Chaetothyriales_unclassified,Chaetothyriales,Chaetothyriales_unclassified
F.Otu0236,Capnodiales_unclassified,Capnodiales,Capnodiales_unclassified
A.Otu0106,Chlamydomonadaceae,Chlamydomonas,Chlamydomonas_callunae
F.Otu0191,unclassified_Microbotryomycetes,unclassified,unclassified_Microbotryomycetes
F.Otu0331,Leucosporidiales_unclassified,Leucosporidiales,Leucosporidiales_unclassified
A.Otu0065,Chlamydomonadaceae,Scotiella,Scotiella_cryophila
F.Otu0213,Tubeufiaceae,Helicoma,Helicoma
A.Otu0087,Chlamydomonadaceae,Chlamydomonas,Chlamydomonas_nivalis
F.Otu0358,Microbotryomycetes_unclassified,Microbotryomycetes,Microbotryomycetes_unclassified
F.Otu0070,Sporidiobolaceae,Rhodotorula,Rhodotorula
F.Otu0363,unclassified_Microbotryomycetes,unclassified,unclassified_Microbotryomycetes
F.Otu0380,Leucosporidiaceae,Leucosporidiaceae,Leucosporidiaceae_unclassified
B.Otu0218,Chitinophagaceae,Ferruginibacter,Ferruginibacter
A.Otu0104,Chlamydomonadaceae,Chlamydomonas,Chlamydomonas_nivalis
A.Otu0110,Chlamydomonadaceae,Scotiella,Scotiella_cryophila
F.Otu0134,Ascomycota_unclassified,Ascomycota,Ascomycota_unclassified
F.Otu0350,Chaetothyriales_unclassified,Chaetothyriales,Chaetothyriales_unclassified
F.Otu0390,Leucosporidiaceae,Leucosporidiaceae,Leucosporidiaceae_unclassified
F.Otu0387,unclassified_Microbotryomycetes,unclassified,unclassified_Microbotryomycetes
B.Otu0095,Burkholderiaceae,Xylophilus,Xylophilus
F.Otu0102,Dothioraceae,unclassified,unclassified_Dothioraceae
F.Otu0418,Leucosporidiaceae,Leucosporidium,Leucosporidium
F.Otu0368,unclassified_Microbotryomycetes,unclassified,unclassified_Microbotryomycetes
F.Otu0415,Microbotryomycetes_unclassified,Microbotryomycetes,Microbotryomycetes_unclassified
B.Otu0138,Burkholderiaceae,Noviherbaspirillum,Noviherbaspirillum
F.Otu0356,unclassified_Microbotryomycetes,unclassified,unclassified_Microbotryomycetes
A.Otu0117,Chlamydomonadales_incertae_sedis,Tetracystis,Tetracystis_excentrica
F.Otu0377,Catillariaceae,Austrolecia,Austrolecia
F.Otu0288,Parmeliaceae,Pseudephebe,Pseudephebe
A.Otu0100,Chlamydomonadaceae,Chloromonas,Chloromonas_pichinchae
B.Otu0212,Burkholderiaceae,uncultured,uncultured
F.Otu0322,Leucosporidiales_unclassified,Leucosporidiales,Leucosporidiales_unclassified
F.Otu0367,unclassified_Microbotryomycetes,unclassified,unclassified_Microbotryomycetes
F.Otu0422,Coniochaetaceae,Coniochaeta,Coniochaeta
F.Otu0455,Agaricomycetes_unclassified,Agaricomycetes,Agaricomycetes_unclassified
A.Otu0126,Chlamydomonadaceae,Chloromonas,Chloromonas_pichinchae
A.Otu0122,Monomastigaceae,Monomastix,Monomastix_sp
A.Otu0127,Chlamydomonadaceae,Scotiella,Scotiella_cryophila
F.Otu0452,Aureobasidiaceae,Kabatiella,Kabatiella
B.Otu0157,Burkholderiaceae,Rhizobacter,Rhizobacter
B.Otu0234,Sphingobacteriaceae,Solitalea,Solitalea
B.Otu0223,Hymenobacteraceae,Hymenobacter,Hymenobacter
F.Otu0420,Dothideomycetes_unclassified,Dothideomycetes,Dothideomycetes_unclassified
F.Otu0091,Sporormiaceae,unclassified,unclassified_Sporormiaceae
F.Otu0301,Pleosporaceae,Alternaria,Alternaria
F.Otu0058,Leucosporidiaceae,Leucosporidiaceae,Leucosporidiaceae_unclassified
B.Otu0210,Hymenobacteraceae,Hymenobacter,Hymenobacter
A.Otu0136,Chlamydomonadaceae,Chloromonas,Chloromonas_pichinchae
F.Otu0490,Leucosporidiales_unclassified,Leucosporidiales,Leucosporidiales_unclassified
B.Otu0049,Acetobacteraceae,Endobacter,Endobacter
B.Otu0144,Chitinophagaceae,Ferruginibacter,Ferruginibacter
F.Otu0414,Microbotryomycetes_unclassified,Microbotryomycetes,Microbotryomycetes_unclassified
F.Otu0476,Leucosporidiales_unclassified,Leucosporidiales,Leucosporidiales_unclassified
F.Otu0496,Microbotryomycetes_unclassified,Microbotryomycetes,Microbotryomycetes_unclassified
B.Otu0173,Microbacteriaceae,Microbacteriaceae_unclassified,Microbacteriaceae_unclassified
B.Otu0226,Sphingobacteriaceae,Solitalea,Solitalea
F.Otu0480,Microbotryomycetes_unclassified,Microbotryomycetes,Microbotryomycetes_unclassified
F.Otu0497,Monoblepharidales_incertae_sedis,Hyaloraphidium,Hyaloraphidium
F.Otu0323,Myriangiales_fam_Incertae_sedis,Phaeosclera,Phaeosclera
B.Otu0281,Sphingobacteriaceae,Solitalea,Solitalea
A.Otu0142,Chlamydomonadaceae,Chloromonas,Chloromonas_krienitzii
F.Otu0059,Monoblepharidales_incertae_sedis,Hyaloraphidium,Hyaloraphidium
F.Otu0188,Trichomeriaceae,Knufia,Knufia
B.Otu0229,Burkholderiaceae,Rhizobacter,Rhizobacter
F.Otu0470,Microbotryomycetes_unclassified,Microbotryomycetes,Microbotryomycetes_unclassified
F.Otu0518,Microbotryomycetes_unclassified,Microbotryomycetes,Microbotryomycetes_unclassified
B.Otu0276,Burkholderiaceae,Burkholderiaceae_ge,Burkholderiaceae_ge
F.Otu0520,Leucosporidiaceae,Leucosporidiaceae,Leucosporidiaceae_unclassified
F.Otu0527,Herpotrichiellaceae,Cladophialophora,Cladophialophora
F.Otu0412,unclassified_Microbotryomycetes,unclassified,unclassified_Microbotryomycetes
F.Otu0530,Microbotryomycetes_unclassified,Microbotryomycetes,Microbotryomycetes_unclassified
F.Otu0284,unclassified_Microbotryomycetes,unclassified,unclassified_Microbotryomycetes
F.Otu0315,Lycoperdaceae,Lycoperdon,Lycoperdon
A.Otu0086,Trebouxiaceae,Asterochloris,Asterochloris_sp
B.Otu0165,Beijerinckiaceae,Methylobacterium,Methylobacterium
F.Otu0540,Microbotryomycetes_unclassified,Microbotryomycetes,Microbotryomycetes_unclassified
F.Otu0207,Melanommataceae,Herpotrichia,Herpotrichia
F.Otu0273,unclassified_Microbotryomycetes,unclassified,unclassified_Microbotryomycetes
B.Otu0096,Sphingobacteriaceae,Mucilaginibacter,Mucilaginibacter
F.Otu0499,Microbotryomycetes_unclassified,Microbotryomycetes,Microbotryomycetes_unclassified
F.Otu0534,Microbotryomycetes_unclassified,Microbotryomycetes,Microbotryomycetes_unclassified
B.Otu0311,Chitinophagaceae,Ferruginibacter,Ferruginibacter
F.Otu0550,unclassified_Microbotryomycetes,unclassified,unclassified_Microbotryomycetes
F.Otu0525,Dothioraceae,Hormonema,Hormonema
F.Otu0129,Sporormiaceae,unclassified,unclassified_Sporormiaceae
F.Otu0517,Microbotryomycetes_unclassified,Microbotryomycetes,Microbotryomycetes_unclassified
B.Otu0319,Burkholderiaceae,Glaciimonas,Glaciimonas
A.Otu0059,Chlamydomonadaceae,Chloromonas,Chloromonas_sp
B.Otu0158,Microbacteriaceae,Microbacteriaceae_unclassified,Microbacteriaceae_unclassified
F.Otu0544,unclassified_Microbotryomycetes,unclassified,unclassified_Microbotryomycetes
F.Otu0564,Microbotryomycetes_unclassified,Microbotryomycetes,Microbotryomycetes_unclassified
F.Otu0067,Pleosporales_fam_Incertae_sedis,Phaeomycocentrospora,Phaeomycocentrospora
F.Otu0578,unclassified_Microbotryomycetes,unclassified,unclassified_Microbotryomycetes
B.Otu0088,Pseudonocardiaceae,Pseudonocardia,Pseudonocardia
F.Otu0252,Teratosphaeriaceae,Lapidomyces,Lapidomyces
B.Otu0225,uncultured,uncultured_ge,uncultured_ge
B.Otu0257,Sphingobacteriaceae,Mucilaginibacter,Mucilaginibacter
F.Otu0585,unclassified_Microbotryomycetes,unclassified,unclassified_Microbotryomycetes
F.Otu0594,unclassified_Microbotryomycetes,unclassified,unclassified_Microbotryomycetes
B.Otu0171,Microbacteriaceae,Parafrigoribacterium,Parafrigoribacterium
B.Otu0313,Microbacteriaceae,Parafrigoribacterium,Parafrigoribacterium
F.Otu0581,unclassified_Microbotryomycetes,unclassified,unclassified_Microbotryomycetes
B.Otu0335,uncultured,uncultured_ge,uncultured_ge
F.Otu0597,Microbotryomycetes_unclassified,Microbotryomycetes,Microbotryomycetes_unclassified
B.Otu0105,Burkholderiaceae,Burkholderiaceae_unclassified,Burkholderiaceae_unclassified
F.Otu0592,unclassified_Microbotryomycetes,unclassified,unclassified_Microbotryomycetes
F.Otu0603,Leucosporidiales_unclassified,Leucosporidiales,Leucosporidiales_unclassified
F.Otu0602,Microbotryomycetes_unclassified,Microbotryomycetes,Microbotryomycetes_unclassified
F.Otu0554,unclassified_Microbotryomycetes,unclassified,unclassified_Microbotryomycetes
B.Otu0338,Burkholderiaceae,Burkholderiaceae_unclassified,Burkholderiaceae_unclassified
F.Otu0607,Leucosporidiales_unclassified,Leucosporidiales,Leucosporidiales_unclassified
F.Otu0608,Sporidiobolaceae,Rhodotorula,Rhodotorula
B.Otu0046,Acetobacteraceae,uncultured,uncultured
F.Otu0077,Aureobasidiaceae,Aureobasidium,Aureobasidium
F.Otu0417,Microbotryomycetes_unclassified,Microbotryomycetes,Microbotryomycetes_unclassified
F.Otu0616,Microbotryomycetes_unclassified,Microbotryomycetes,Microbotryomycetes_unclassified
B.Otu0255,Burkholderiaceae,Burkholderiaceae_unclassified,Burkholderiaceae_unclassified
B.Otu0323,Burkholderiaceae,Polaromonas,Polaromonas
F.Otu0612,unclassified_Microbotryomycetes,unclassified,unclassified_Microbotryomycetes
F.Otu0619,unclassified_Microbotryomycetes,unclassified,unclassified_Microbotryomycetes
F.Otu0621,Leucosporidiales_unclassified,Leucosporidiales,Leucosporidiales_unclassified
B.Otu0109,Acidobacteriaceae_,Acidobacteriaceae__ge,Acidobacteriaceae__ge
F.Otu0240,Ascomycota_unclassified,Ascomycota,Ascomycota_unclassified
F.Otu0624,Leucosporidiales_unclassified,Leucosporidiales,Leucosporidiales_unclassified
F.Otu0622,unclassified_Microbotryomycetes,unclassified,unclassified_Microbotryomycetes
B.Otu0203,Acidobacteriaceae_,Granulicella,Granulicella
B.Otu0068,Hymenobacteraceae,Hymenobacter,Hymenobacter
B.Otu0085,Armatimonadales_fa,Armatimonadales_ge,Armatimonadales_ge
B.Otu0329,Burkholderiaceae,Polaromonas,Polaromonas
B.Otu0331,Bacteroidia_unclassified,Bacteroidia_unclassified,Bacteroidia_unclassified
F.Otu0605,Microbotryomycetes_unclassified,Microbotryomycetes,Microbotryomycetes_unclassified
B.Otu0373,Chitinophagaceae,Ferruginibacter,Ferruginibacter
A.Otu0171,Chlamydomonadaceae,Chloromonas,Chloromonas_pichinchae
A.Otu0103,Chlamydomonadaceae,Chlamydomonas,Chlamydomonas_nivalis
B.Otu0309,Sphingobacteriaceae,Solitalea,Solitalea
F.Otu0318,Phaeosphaeriaceae,Phaeosphaeriaceae,Phaeosphaeriaceae_unclassified
B.Otu0247,Halomonadaceae,Halomonas,Halomonas
F.Otu0577,unclassified_Cystofilobasidiales,unclassified,unclassified_Cystofilobasidiales
A.Otu0177,Chlamydomonadaceae,Chloromonas,Chloromonas_pichinchae
B.Otu0120,Beijerinckiaceae,1174-901-12,1174-901-12
F.Otu0588,Helotiales_fam_Incertae_sedis,Hyalodendriella,Hyalodendriella
F.Otu0502,unclassified_Microbotryomycetes,unclassified,unclassified_Microbotryomycetes
F.Otu0685,Microbotryomycetes_unclassified,Microbotryomycetes,Microbotryomycetes_unclassified
F.Otu0088,Herpotrichiellaceae,unclassified,unclassified_Herpotrichiellaceae
B.Otu0237,Burkholderiaceae,Burkholderiaceae_unclassified,Burkholderiaceae_unclassified
F.Otu0699,Leucosporidiaceae,Leucosporidiaceae,Leucosporidiaceae_unclassified
B.Otu0154,Hymenobacteraceae,Hymenobacter,Hymenobacter
F.Otu0701,unclassified_Microbotryomycetes,unclassified,unclassified_Microbotryomycetes
B.Otu0397,Sphingobacteriaceae,Solitalea,Solitalea
F.Otu0713,Leucosporidiaceae,Leucosporidiaceae,Leucosporidiaceae_unclassified
B.Otu0044,Burkholderiaceae,Massilia,Massilia
F.Otu0168,Herpotrichiellaceae,Cladophialophora,Cladophialophora
F.Otu0171,Pleosporales_unclassified,Pleosporales,Pleosporales_unclassified
B.Otu0208,Sphingobacteriaceae,Solitalea,Solitalea
B.Otu0379,Microbacteriaceae,Microbacteriaceae_unclassified,Microbacteriaceae_unclassified
F.Otu0640,unclassified_Microbotryomycetes,unclassified,unclassified_Microbotryomycetes
F.Otu0708,Microbotryomycetes_unclassified,Microbotryomycetes,Microbotryomycetes_unclassified
F.Otu0731,unclassified_Leucosporidiales,unclassified,unclassified_Leucosporidiales
B.Otu0045,Hymenobacteraceae,Hymenobacter,Hymenobacter
B.Otu0192,Burkholderiaceae,Burkholderiaceae_unclassified,Burkholderiaceae_unclassified
B.Otu0398,Chitinophagaceae,Ferruginibacter,Ferruginibacter
A.Otu0191,Chlamydomonadaceae,Chlamydomonas,Chlamydomonas_callunae
F.Otu0737,Microbotryomycetes_unclassified,Microbotryomycetes,Microbotryomycetes_unclassified
F.Otu0735,Monoblepharidales_incertae_sedis,Hyaloraphidium,Hyaloraphidium
F.Otu0561,Pseudeurotiaceae,Pseudeurotium,Pseudeurotium
F.Otu0743,Leucosporidiales_unclassified,Leucosporidiales,Leucosporidiales_unclassified
B.Otu0428,Burkholderiaceae,uncultured,uncultured
F.Otu0755,Microbotryomycetes_unclassified,Microbotryomycetes,Microbotryomycetes_unclassified
F.Otu0163,Ascomycota_unclassified,Ascomycota,Ascomycota_unclassified
F.Otu0596,Periconiaceae,Periconia,Periconia
F.Otu0690,unclassified_Microbotryomycetes,unclassified,unclassified_Microbotryomycetes
B.Otu0411,Burkholderiaceae,Burkholderiaceae_unclassified,Burkholderiaceae_unclassified
F.Otu0727,unclassified_Microbotryomycetes,unclassified,unclassified_Microbotryomycetes
F.Otu0764,Microbotryomycetes_unclassified,Microbotryomycetes,Microbotryomycetes_unclassified
F.Otu0149,unclassified_Microbotryomycetes,unclassified,unclassified_Microbotryomycetes
F.Otu0724,Microbotryomycetes_unclassified,Microbotryomycetes,Microbotryomycetes_unclassified
F.Otu0768,Leucosporidiales_unclassified,Leucosporidiales,Leucosporidiales_unclassified
B.Otu0449,Burkholderiaceae,Piscinibacter,Piscinibacter
F.Otu0780,Leucosporidiales_unclassified,Leucosporidiales,Leucosporidiales_unclassified
F.Otu0788,Leucosporidiales_unclassified,Leucosporidiales,Leucosporidiales_unclassified
F.Otu0784,Microbotryomycetes_unclassified,Microbotryomycetes,Microbotryomycetes_unclassified
F.Otu0787,Microbotryomycetes_unclassified,Microbotryomycetes,Microbotryomycetes_unclassified
F.Otu0117,Lophiostomataceae,Lophiostoma,Lophiostoma
B.Otu0146,Mycobacteriaceae,Mycobacterium,Mycobacterium
B.Otu0434,Burkholderiaceae,Burkholderiaceae_unclassified,Burkholderiaceae_unclassified
F.Otu0754,unclassified_Microbotryomycetes,unclassified,unclassified_Microbotryomycetes
F.Otu0169,Mytilinidiaceae,Lophium,Lophium
A.Otu0121,Astrephomenaceae,Astrephomene,Astrephomene_gubernaculifera
F.Otu0580,unclassified_Microbotryomycetes,unclassified,unclassified_Microbotryomycetes
F.Otu0711,unclassified_Microbotryomycetes,unclassified,unclassified_Microbotryomycetes
F.Otu0800,Microbotryomycetes_unclassified,Microbotryomycetes,Microbotryomycetes_unclassified
B.Otu0476,Rhodanobacteraceae,Rhodanobacter,Rhodanobacter
F.Otu0103,Lecanoromycetes_unclassified,Lecanoromycetes,Lecanoromycetes_unclassified
F.Otu0175,unclassified_Pleosporales,unclassified,unclassified_Pleosporales
F.Otu0576,unclassified_Microbotryomycetes,unclassified,unclassified_Microbotryomycetes
B.Otu0366,Bacillaceae,Caldalkalibacillus,Caldalkalibacillus
F.Otu0758,unclassified_Microbotryomycetes,unclassified,unclassified_Microbotryomycetes
F.Otu0783,unclassified_Microbotryomycetes,unclassified,unclassified_Microbotryomycetes
F.Otu0820,unclassified_Leucosporidiales,unclassified,unclassified_Leucosporidiales
F.Otu0061,Dothideaceae,Dothidea,Dothidea
F.Otu0224,Hyponectriaceae,Physalospora,Physalospora
F.Otu0316,unclassified_Capnodiales,unclassified,unclassified_Capnodiales
F.Otu0834,Leucosporidiaceae,Leucosporidiaceae,Leucosporidiaceae_unclassified
F.Otu0835,unclassified_Microbotryomycetes,unclassified,unclassified_Microbotryomycetes
F.Otu0274,Microbotryomycetes_unclassified,Microbotryomycetes,Microbotryomycetes_unclassified
F.Otu0457,Microbotryomycetes_unclassified,Microbotryomycetes,Microbotryomycetes_unclassified
B.Otu0364,Solirubrobacteraceae,Conexibacter,Conexibacter
F.Otu0804,unclassified_Microbotryomycetes,unclassified,unclassified_Microbotryomycetes
A.Otu0214,Chlamydomonadaceae,Chloromonas,Chloromonas_pichinchae
F.Otu0842,Leucosporidiaceae,Leucosporidiaceae,Leucosporidiaceae_unclassified
F.Otu0837,unclassified_Microbotryomycetes,unclassified,unclassified_Microbotryomycetes
F.Otu0403,Sporidiobolaceae,Rhodotorula,Rhodotorula
F.Otu0410,unclassified_Microbotryomycetes,unclassified,unclassified_Microbotryomycetes
B.Otu0266,Sphingobacteriaceae,Solitalea,Solitalea
B.Otu0460,Burkholderiaceae,Burkholderiaceae_unclassified,Burkholderiaceae_unclassified
F.Otu0790,unclassified_Microbotryomycetes,unclassified,unclassified_Microbotryomycetes
F.Otu0812,unclassified_Microbotryomycetes,unclassified,unclassified_Microbotryomycetes
B.Otu0487,Sphingobacteriaceae,Solitalea,Solitalea
B.Otu0506,Chitinophagaceae,Ferruginibacter,Ferruginibacter
B.Otu0378,Corynebacteriaceae,Corynebacterium_1,Corynebacterium_1
F.Otu0703,unclassified_Microbotryomycetes,unclassified,unclassified_Microbotryomycetes
F.Otu0793,Microbotryomycetes_unclassified,Microbotryomycetes,Microbotryomycetes_unclassified
B.Otu0494,Sphingobacteriaceae,Solitalea,Solitalea
F.Otu0850,Leucosporidiales_unclassified,Leucosporidiales,Leucosporidiales_unclassified
B.Otu0110,Acetobacteraceae,Acidiphilium,Acidiphilium
A.Otu0089,Chlamydomonadaceae,Chloromonas,Chloromonas_nivalis_subsp_tatrae
F.Otu0340,unclassified_Microbotryomycetes,unclassified,unclassified_Microbotryomycetes
B.Otu0478,Sphingobacteriaceae,Solitalea,Solitalea
F.Otu0816,Leucosporidiales_unclassified,Leucosporidiales,Leucosporidiales_unclassified
F.Otu0873,Microbotryomycetes_unclassified,Microbotryomycetes,Microbotryomycetes_unclassified
F.Otu0877,Microbotryomycetes_unclassified,Microbotryomycetes,Microbotryomycetes_unclassified
F.Otu0164,Sporormiaceae,unclassified,unclassified_Sporormiaceae
F.Otu0446,Sporidiobolaceae,Rhodotorula,Rhodotorula
B.Otu0314,Microbacteriaceae,Amnibacterium,Amnibacterium
F.Otu0871,Microbotryomycetes_unclassified,Microbotryomycetes,Microbotryomycetes_unclassified
F.Otu0878,unclassified_Microbotryomycetes,unclassified,unclassified_Microbotryomycetes
F.Otu0902,Leucosporidiales_unclassified,Leucosporidiales,Leucosporidiales_unclassified
F.Otu0883,Monoblepharidales_incertae_sedis,Hyaloraphidium,Hyaloraphidium
F.Otu0885,unclassified_Leucosporidiales,unclassified,unclassified_Leucosporidiales
F.Otu0880,unclassified_Microbotryomycetes,unclassified,unclassified_Microbotryomycetes
F.Otu0888,unclassified_Microbotryomycetes,unclassified,unclassified_Microbotryomycetes
F.Otu0900,unclassified_Microbotryomycetes,unclassified,unclassified_Microbotryomycetes
F.Otu0131,Leptosphaeriaceae,Leptosphaeriaceae,Leptosphaeriaceae_unclassified
B.Otu0307,Nakamurellaceae,Nakamurella,Nakamurella
B.Otu0372,Burkholderiaceae,Burkholderiaceae_unclassified,Burkholderiaceae_unclassified
B.Otu0415,Burkholderiaceae,Burkholderiaceae_unclassified,Burkholderiaceae_unclassified
B.Otu0444,Burkholderiaceae,Burkholderiaceae_ge,Burkholderiaceae_ge
B.Otu0563,Burkholderiaceae,Burkholderiaceae_unclassified,Burkholderiaceae_unclassified
F.Otu0910,unclassified_Microbotryomycetes,unclassified,unclassified_Microbotryomycetes
F.Otu0266,Pleosporaceae,Alternaria,Alternaria
F.Otu0342,Venturiaceae,Venturia,Venturia
F.Otu0364,unclassified_Microbotryomycetes,unclassified,unclassified_Microbotryomycetes
B.Otu0231,Microbacteriaceae,Microbacteriaceae_unclassified,Microbacteriaceae_unclassified
F.Otu0539,Microbotryomycetes_unclassified,Microbotryomycetes,Microbotryomycetes_unclassified
B.Otu0315,Acidobacteriaceae_,Bryocella,Bryocella
B.Otu0507,Microbacteriaceae,Microbacteriaceae_unclassified,Microbacteriaceae_unclassified
F.Otu0903,Microbotryomycetes_unclassified,Microbotryomycetes,Microbotryomycetes_unclassified
B.Otu0573,Burkholderiaceae,Burkholderiaceae_unclassified,Burkholderiaceae_unclassified
F.Otu0923,Microbotryomycetes_unclassified,Microbotryomycetes,Microbotryomycetes_unclassified
F.Otu0054,Cladosporiaceae,Rachicladosporium,Rachicladosporium
F.Otu0264,Didymosphaeriaceae,Paraconiothyrium,Paraconiothyrium
B.Otu0164,Sphingobacteriaceae,Sphingobacteriaceae_unclassified,Sphingobacteriaceae_unclassified
B.Otu0179,Micrococcaceae,Arthrobacter,Arthrobacter
B.Otu0383,Burkholderiaceae,Burkholderiaceae_unclassified,Burkholderiaceae_unclassified
F.Otu0884,unclassified_Microbotryomycetes,unclassified,unclassified_Microbotryomycetes
F.Otu0924,unclassified_Microbotryomycetes,unclassified,unclassified_Microbotryomycetes
F.Otu0950,Leucosporidiales_unclassified,Leucosporidiales,Leucosporidiales_unclassified
F.Otu0937,unclassified_Microbotryomycetes,unclassified,unclassified_Microbotryomycetes
A.Otu0049,Astrephomenaceae,Astrephomene,Astrephomene_gubernaculifera
F.Otu0256,Microbotryomycetes_unclassified,Microbotryomycetes,Microbotryomycetes_unclassified
A.Otu0091,Astrephomenaceae,Astrephomene,Astrephomene_gubernaculifera
B.Otu0211,Intrasporangiaceae,Intrasporangiaceae_unclassified,Intrasporangiaceae_unclassified
F.Otu0453,Trichomeriaceae,Knufia,Knufia
B.Otu0306,Burkholderiaceae,Burkholderiaceae_unclassified,Burkholderiaceae_unclassified
B.Otu0442,Burkholderiaceae,Polaromonas,Polaromonas
F.Otu0739,unclassified_Microbotryomycetes,unclassified,unclassified_Microbotryomycetes
F.Otu0944,unclassified_Microbotryomycetes,unclassified,unclassified_Microbotryomycetes
F.Otu0971,Leucosporidiales_unclassified,Leucosporidiales,Leucosporidiales_unclassified
F.Otu0958,Microbotryomycetes_unclassified,Microbotryomycetes,Microbotryomycetes_unclassified
F.Otu0962,Microbotryomycetes_unclassified,Microbotryomycetes,Microbotryomycetes_unclassified
F.Otu0965,unclassified_Microbotryomycetes,unclassified,unclassified_Microbotryomycetes
F.Otu0841,Microbotryomycetes_unclassified,Microbotryomycetes,Microbotryomycetes_unclassified
B.Otu0534,Burkholderiaceae,Burkholderiaceae_ge,Burkholderiaceae_ge
F.Otu0978,Leucosporidiales_unclassified,Leucosporidiales,Leucosporidiales_unclassified
F.Otu0996,Leucosporidiales_unclassified,Leucosporidiales,Leucosporidiales_unclassified
F.Otu0997,unclassified_Leucosporidiales,unclassified,unclassified_Leucosporidiales
F.Otu0277,unclassified_Microbotryomycetes,unclassified,unclassified_Microbotryomycetes
B.Otu0156,Hymenobacteraceae,Hymenobacter,Hymenobacter
B.Otu0180,Hymenobacteraceae,Hymenobacter,Hymenobacter
B.Otu0264,Chitinophagaceae,Chitinophagaceae_unclassified,Chitinophagaceae_unclassified
F.Otu0660,Microbotryomycetes_unclassified,Microbotryomycetes,Microbotryomycetes_unclassified
F.Otu0977,Leucosporidiales_unclassified,Leucosporidiales,Leucosporidiales_unclassified
B.Otu0625,Chitinophagaceae,Ferruginibacter,Ferruginibacter
A.Otu0250,Chlamydomonadaceae,Chloromonas,Chloromonas_pichinchae
F.Otu1012,Microbotryomycetes_unclassified,Microbotryomycetes,Microbotryomycetes_unclassified
F.Otu0114,Dothideomycetes_unclassified,Dothideomycetes,Dothideomycetes_unclassified
F.Otu0187,Tilletiaceae,Tilletia,Tilletia
F.Otu0200,Saccharomycetaceae,Nakaseomyces,Nakaseomyces
F.Otu0376,Phaeosphaeriaceae,unclassified,unclassified_Phaeosphaeriaceae
B.Otu0296,Burkholderiaceae,Burkholderiaceae_ge,Burkholderiaceae_ge
F.Otu0609,unclassified_Microbotryomycetes,unclassified,unclassified_Microbotryomycetes
B.Otu0454,Burkholderiaceae,Burkholderiaceae_unclassified,Burkholderiaceae_unclassified
B.Otu0553,uncultured,uncultured_ge,uncultured_ge
F.Otu0968,Sporidiobolaceae,Rhodotorula,Rhodotorula
F.Otu1009,Microbotryomycetes_unclassified,Microbotryomycetes,Microbotryomycetes_unclassified
B.Otu0637,Burkholderiaceae,Burkholderiaceae_unclassified,Burkholderiaceae_unclassified
F.Otu1032,Leucosporidiaceae,Leucosporidium,Leucosporidium
F.Otu1029,Leucosporidiales_unclassified,Leucosporidiales,Leucosporidiales_unclassified
F.Otu1033,unclassified_Microbotryomycetes,unclassified,unclassified_Microbotryomycetes
F.Otu1036,unclassified_Microbotryomycetes,unclassified,unclassified_Microbotryomycetes
F.Otu0097,Ustilaginaceae,Ustilago,Ustilago
F.Otu0176,Ascomycota_unclassified,Ascomycota,Ascomycota_unclassified
B.Otu0391,Microbacteriaceae,Microbacteriaceae_unclassified,Microbacteriaceae_unclassified
B.Otu0470,Sphingobacteriaceae,Solitalea,Solitalea
B.Otu0479,Burkholderiaceae,Burkholderiaceae_unclassified,Burkholderiaceae_unclassified
F.Otu1014,unclassified_Microbotryomycetes,unclassified,unclassified_Microbotryomycetes
F.Otu1017,Leucosporidiales_unclassified,Leucosporidiales,Leucosporidiales_unclassified
F.Otu1031,unclassified_Leucosporidiales,unclassified,unclassified_Leucosporidiales
A.Otu0258,Chloropicaceae,Chloropicon,Chloropicon_roscoffensis
F.Otu1065,Leucosporidiaceae,Leucosporidiaceae,Leucosporidiaceae_unclassified
F.Otu1054,Microbotryomycetes_unclassified,Microbotryomycetes,Microbotryomycetes_unclassified
B.Otu0656,Nakamurellaceae,Nakamurella,Nakamurella
F.Otu1073,unclassified_Microbotryomycetes,unclassified,unclassified_Microbotryomycetes
F.Otu1078,unclassified_Microbotryomycetes,unclassified,unclassified_Microbotryomycetes
A.Otu0109,Chlamydomonadaceae,Chlamydomonas,Chlamydomonas_nivalis
B.Otu0284,Microbacteriaceae,Microbacteriaceae_unclassified,Microbacteriaceae_unclassified
B.Otu0287,uncultured,uncultured_ge,uncultured_ge
B.Otu0325,Microbacteriaceae,Microbacteriaceae_unclassified,Microbacteriaceae_unclassified
F.Otu0909,unclassified_Leucosporidiales,unclassified,unclassified_Leucosporidiales
B.Otu0619,Burkholderiaceae,Burkholderiaceae_unclassified,Burkholderiaceae_unclassified
F.Otu1001,Microbotryomycetes_unclassified,Microbotryomycetes,Microbotryomycetes_unclassified
F.Otu1079,unclassified_Microbotryomycetes,unclassified,unclassified_Microbotryomycetes
F.Otu1080,unclassified_Microbotryomycetes,unclassified,unclassified_Microbotryomycetes
A.Otu0264,Astrephomenaceae,Astrephomene,Astrephomene_gubernaculifera
F.Otu1085,Leucosporidiales_unclassified,Leucosporidiales,Leucosporidiales_unclassified
F.Otu1084,Microbotryomycetes_unclassified,Microbotryomycetes,Microbotryomycetes_unclassified
F.Otu0010,Microbotryomycetes_unclassified,Microbotryomycetes,Microbotryomycetes_unclassified
B.Otu0177,Acetobacteraceae,Acidiphilium,Acidiphilium
B.Otu0289,Frankiaceae,Jatrophihabitans,Jatrophihabitans
B.Otu0540,Burkholderiaceae,Polaromonas,Polaromonas
F.Otu1005,Leucosporidiaceae,Leucosporidiaceae,Leucosporidiaceae_unclassified
B.Otu0669,Burkholderiaceae,Burkholderiaceae_unclassified,Burkholderiaceae_unclassified
F.Otu1082,unclassified_Microbotryomycetes,unclassified,unclassified_Microbotryomycetes
A.Otu0268,Chlamydomonadaceae,Chloromonas,Chloromonas_pichinchae
F.Otu1120,Leucosporidiaceae,Leucosporidium,Leucosporidium
F.Otu1125,Leucosporidiales_unclassified,Leucosporidiales,Leucosporidiales_unclassified
F.Otu1148,Leucosporidiales_unclassified,Leucosporidiales,Leucosporidiales_unclassified
F.Otu1153,Leucosporidiales_unclassified,Leucosporidiales,Leucosporidiales_unclassified
F.Otu1115,Microbotryomycetes_unclassified,Microbotryomycetes,Microbotryomycetes_unclassified
F.Otu1129,Microbotryomycetes_unclassified,Microbotryomycetes,Microbotryomycetes_unclassified
F.Otu1133,Microbotryomycetes_unclassified,Microbotryomycetes,Microbotryomycetes_unclassified
F.Otu1116,Sporidiobolaceae,Rhodotorula,Rhodotorula
F.Otu1119,unclassified_Microbotryomycetes,unclassified,unclassified_Microbotryomycetes
F.Otu1145,unclassified_Microbotryomycetes,unclassified,unclassified_Microbotryomycetes
F.Otu1150,unclassified_Microbotryomycetes,unclassified,unclassified_Microbotryomycetes
F.Otu0060,unclassified_Microbotryomycetes,unclassified,unclassified_Microbotryomycetes
B.Otu0404,Actinobacteria_unclassified,Actinobacteria_unclassified,Actinobacteria_unclassified
B.Otu0474,Burkholderiaceae,Burkholderiaceae_ge,Burkholderiaceae_ge
B.Otu0545,Microbacteriaceae,Microbacteriaceae_unclassified,Microbacteriaceae_unclassified
F.Otu0955,Microbotryomycetes_unclassified,Microbotryomycetes,Microbotryomycetes_unclassified
F.Otu1071,Sporidiobolaceae,Rhodotorula,Rhodotorula
F.Otu1091,unclassified_Microbotryomycetes,unclassified,unclassified_Microbotryomycetes
F.Otu1198,Leucosporidiaceae,Leucosporidiaceae,Leucosporidiaceae_unclassified
F.Otu1170,Leucosporidiales_unclassified,Leucosporidiales,Leucosporidiales_unclassified
F.Otu1173,Leucosporidiales_unclassified,Leucosporidiales,Leucosporidiales_unclassified
F.Otu1190,Leucosporidiales_unclassified,Leucosporidiales,Leucosporidiales_unclassified
F.Otu1159,Microbotryomycetes_unclassified,Microbotryomycetes,Microbotryomycetes_unclassified
F.Otu1183,Microbotryomycetes_unclassified,Microbotryomycetes,Microbotryomycetes_unclassified
F.Otu1185,Microbotryomycetes_unclassified,Microbotryomycetes,Microbotryomycetes_unclassified
F.Otu1191,Microbotryomycetes_unclassified,Microbotryomycetes,Microbotryomycetes_unclassified
F.Otu1156,unclassified_Microbotryomycetes,unclassified,unclassified_Microbotryomycetes
F.Otu1171,unclassified_Microbotryomycetes,unclassified,unclassified_Microbotryomycetes
F.Otu0234,Ascomycota_unclassified,Ascomycota,Ascomycota_unclassified
B.Otu0149,Bacillaceae,Bacillaceae_unclassified,Bacillaceae_unclassified
B.Otu0222,Parachlamydiaceae,Parachlamydiaceae_unclassified,Parachlamydiaceae_unclassified
F.Otu0381,Teratosphaeriaceae,Friedmanniomyces,Friedmanniomyces
B.Otu0298,Geodermatophilaceae,Modestobacter,Modestobacter
F.Otu0560,unclassified_Microbotryomycetes,unclassified,unclassified_Microbotryomycetes
B.Otu0318,Burkholderiaceae,Burkholderiaceae_unclassified,Burkholderiaceae_unclassified
F.Otu1154,Leucosporidiales_unclassified,Leucosporidiales,Leucosporidiales_unclassified
F.Otu1128,Microbotryomycetes_unclassified,Microbotryomycetes,Microbotryomycetes_unclassified
F.Otu1199,Microbotryomycetes_unclassified,Microbotryomycetes,Microbotryomycetes_unclassified
F.Otu1229,Leucosporidiaceae,Leucosporidium,Leucosporidium
F.Otu1239,Leucosporidiales_unclassified,Leucosporidiales,Leucosporidiales_unclassified
F.Otu1226,Microbotryomycetes_unclassified,Microbotryomycetes,Microbotryomycetes_unclassified
F.Otu1224,unclassified_Microbotryomycetes,unclassified,unclassified_Microbotryomycetes
F.Otu1225,unclassified_Microbotryomycetes,unclassified,unclassified_Microbotryomycetes
F.Otu1228,unclassified_Microbotryomycetes,unclassified,unclassified_Microbotryomycetes
F.Otu1235,unclassified_Microbotryomycetes,unclassified,unclassified_Microbotryomycetes
F.Otu1245,unclassified_Microbotryomycetes,unclassified,unclassified_Microbotryomycetes
B.Otu0117,Hymenobacteraceae,Hymenobacter,Hymenobacter
F.Otu0405,Cladosporiaceae,Rachicladosporium,Rachicladosporium
F.Otu0836,unclassified_Microbotryomycetes,unclassified,unclassified_Microbotryomycetes
F.Otu1072,Dothioraceae,Hormonema,Hormonema
B.Otu0715,Microbacteriaceae,Microbacteriaceae_unclassified,Microbacteriaceae_unclassified
B.Otu0719,Sphingobacteriaceae,Solitalea,Solitalea
F.Otu1257,Microbotryomycetes_unclassified,Microbotryomycetes,Microbotryomycetes_unclassified
F.Otu1298,Microbotryomycetes_unclassified,Microbotryomycetes,Microbotryomycetes_unclassified
F.Otu1283,unclassified_Microbotryomycetes,unclassified,unclassified_Microbotryomycetes
B.Otu0021,Burkholderiaceae,Rhodoferax,Rhodoferax
F.Otu0433,Lecanorales_unclassified,Lecanorales,Lecanorales_unclassified
F.Otu0519,Microbotryomycetes_unclassified,Microbotryomycetes,Microbotryomycetes_unclassified
B.Otu0538,Burkholderiaceae,Burkholderiaceae_unclassified,Burkholderiaceae_unclassified
F.Otu0906,unclassified_Microbotryomycetes,unclassified,unclassified_Microbotryomycetes
B.Otu0702,Burkholderiaceae,Rhizobacter,Rhizobacter
A.Otu0296,Chlamydomonadaceae,Chloromonas,Chloromonas_nivalis_subsp_tatrae
F.Otu1313,Leucosporidiales_unclassified,Leucosporidiales,Leucosporidiales_unclassified
F.Otu1362,Leucosporidiales_unclassified,Leucosporidiales,Leucosporidiales_unclassified
B.Otu0357,Hymenobacteraceae,Hymenobacter,Hymenobacter
B.Otu0420,Burkholderiaceae,Variovorax,Variovorax
F.Otu0891,unclassified_Microbotryomycetes,unclassified,unclassified_Microbotryomycetes
B.Otu0803,Nakamurellaceae,Nakamurella,Nakamurella
F.Otu1405,unclassified_Leucosporidiales,unclassified,unclassified_Leucosporidiales
F.Otu1377,unclassified_Microbotryomycetes,unclassified,unclassified_Microbotryomycetes
F.Otu0162,Leptosphaeriaceae,Leptosphaeriaceae,Leptosphaeriaceae_unclassified
F.Otu0195,Dothideomycetes_unclassified,Dothideomycetes,Dothideomycetes_unclassified
B.Otu0188,Acetobacteraceae,Acidiphilium,Acidiphilium
F.Otu0813,Ascomycota_unclassified,Ascomycota,Ascomycota_unclassified
B.Otu0477,Hymenobacteraceae,Hymenobacter,Hymenobacter
B.Otu0657,uncultured,uncultured_ge,uncultured_ge
F.Otu1161,unclassified_Microbotryomycetes,unclassified,unclassified_Microbotryomycetes
B.Otu0734,Burkholderiaceae,Actimicrobium,Actimicrobium
F.Otu1381,Leucosporidiaceae,Leucosporidiaceae,Leucosporidiaceae_unclassified
F.Otu0071,Ascomycota_unclassified,Ascomycota,Ascomycota_unclassified
F.Otu0270,Dothideales_unclassified,Dothideales,Dothideales_unclassified
B.Otu0302,Chlamydiales_unclassified,Chlamydiales_unclassified,Chlamydiales_unclassified
B.Otu0568,Actinobacteria_unclassified,Actinobacteria_unclassified,Actinobacteria_unclassified
B.Otu0661,Burkholderiaceae,Burkholderiaceae_unclassified,Burkholderiaceae_unclassified
F.Otu1419,Microbotryomycetes_unclassified,Microbotryomycetes,Microbotryomycetes_unclassified
B.Otu0079,Acetobacteraceae,Acetobacteraceae_unclassified,Acetobacteraceae_unclassified
F.Otu0441,Dothideomycetes_unclassified,Dothideomycetes,Dothideomycetes_unclassified
B.Otu0294,Chitinophagaceae,uncultured,uncultured
F.Otu0961,unclassified_Microbotryomycetes,unclassified,unclassified_Microbotryomycetes
F.Otu1045,Leucosporidiales_unclassified,Leucosporidiales,Leucosporidiales_unclassified
B.Otu0704,Burkholderiaceae,Actimicrobium,Actimicrobium
F.Otu1361,unclassified_Microbotryomycetes,unclassified,unclassified_Microbotryomycetes
B.Otu0884,Burkholderiaceae,Burkholderiaceae_unclassified,Burkholderiaceae_unclassified
F.Otu0192,unclassified_Dothideales,unclassified,unclassified_Dothideales
F.Otu0464,Leucosporidiaceae,Leucosporidiaceae,Leucosporidiaceae_unclassified
F.Otu0483,Ascomycota_unclassified,Ascomycota,Ascomycota_unclassified
B.Otu0291,uncultured,uncultured_ge,uncultured_ge
F.Otu0627,unclassified_Microbotryomycetes,unclassified,unclassified_Microbotryomycetes
B.Otu0430,Microbacteriaceae,Salinibacterium,Salinibacterium
B.Otu0456,Hymenobacteraceae,Hymenobacter,Hymenobacter
B.Otu0525,Chitinophagaceae,Ferruginibacter,Ferruginibacter
F.Otu0948,unclassified_Microbotryomycetes,unclassified,unclassified_Microbotryomycetes
F.Otu1055,unclassified_Microbotryomycetes,unclassified,unclassified_Microbotryomycetes
B.Otu0858,Hymenobacteraceae,Hymenobacter,Hymenobacter
F.Otu0115,Teratosphaeriaceae,Lapidomyces,Lapidomyces
F.Otu0196,Ascomycota_unclassified,Ascomycota,Ascomycota_unclassified
B.Otu0527,Bacteroidia_unclassified,Bacteroidia_unclassified,Bacteroidia_unclassified
F.Otu0946,unclassified_Microbotryomycetes,unclassified,unclassified_Microbotryomycetes
B.Otu0651,Chitinophagaceae,Ferruginibacter,Ferruginibacter
F.Otu1061,unclassified_Microbotryomycetes,unclassified,unclassified_Microbotryomycetes
F.Otu1104,unclassified_Microbotryomycetes,unclassified,unclassified_Microbotryomycetes
F.Otu1164,unclassified_Microbotryomycetes,unclassified,unclassified_Microbotryomycetes
F.Otu0098,Dothioraceae,Perusta,Perusta
F.Otu0128,Cantharellales_fam_Incertae_sedis,Sistotrema,Sistotrema
F.Otu0238,Microbotryomycetes_unclassified,Microbotryomycetes,Microbotryomycetes_unclassified
A.Otu0093,Trebouxiaceae,Trebouxia,Trebouxia_sp
F.Otu0334,Pleosporales_unclassified,Pleosporales,Pleosporales_unclassified
F.Otu0738,unclassified_Microbotryomycetes,unclassified,unclassified_Microbotryomycetes
B.Otu0630,Micrococcales_unclassified,Micrococcales_unclassified,Micrococcales_unclassified
F.Otu1135,Microbotryomycetes_unclassified,Microbotryomycetes,Microbotryomycetes_unclassified
F.Otu1179,Sporidiobolaceae,Rhodotorula,Rhodotorula
F.Otu1309,Microbotryomycetes_unclassified,Microbotryomycetes,Microbotryomycetes_unclassified
F.Otu0023,Rhizocarpaceae,Rhizocarpon,Rhizocarpon
F.Otu0208,Phaeosphaeriaceae,Dematiopleospora,Dematiopleospora
F.Otu0258,Ascomycota_unclassified,Ascomycota,Ascomycota_unclassified
B.Otu0145,Propionibacteriaceae,Friedmanniella,Friedmanniella
B.Otu0214,Micromonosporaceae,Actinoplanes,Actinoplanes
B.Otu0232,Acetobacteraceae,uncultured,uncultured
F.Otu0931,unclassified_Microbotryomycetes,unclassified,unclassified_Microbotryomycetes
A.Otu0272,Chlamydomonadales_incertae_sedis,Tetracystis,Tetracystis_excentrica
B.Otu0878,Burkholderiaceae,Burkholderiaceae_unclassified,Burkholderiaceae_unclassified
F.Otu0087,Capnodiales_unclassified,Capnodiales,Capnodiales_unclassified
F.Otu0120,Ascomycota_unclassified,Ascomycota,Ascomycota_unclassified
B.Otu0142,Microbacteriaceae,Marisediminicola,Marisediminicola
F.Otu0287,Pleosporaceae,Comoclathris,Comoclathris
F.Otu0335,Ascomycota_unclassified,Ascomycota,Ascomycota_unclassified
F.Otu0466,unclassified_Microbotryomycetes,unclassified,unclassified_Microbotryomycetes
F.Otu0744,Leucosporidiales_unclassified,Leucosporidiales,Leucosporidiales_unclassified
F.Otu0851,unclassified_Microbotryomycetes,unclassified,unclassified_Microbotryomycetes
B.Otu0659,Burkholderiaceae,Burkholderiaceae_unclassified,Burkholderiaceae_unclassified
A.Otu0025,Chlamydomonadaceae,Chlamydomonas,Chlamydomonas_callunae
F.Otu0126,Cladosporiaceae,Rachicladosporium,Rachicladosporium
B.Otu0100,Pseudonocardiaceae,Pseudonocardia,Pseudonocardia
A.Otu0082,Chlamydomonadaceae,Scotiella,Scotiella_cryophila
F.Otu0286,unclassified_Microbotryomycetes,unclassified,unclassified_Microbotryomycetes
F.Otu0501,Microbotryomycetes_unclassified,Microbotryomycetes,Microbotryomycetes_unclassified
B.Otu0321,Pseudonocardiaceae,Actinomycetospora,Actinomycetospora
F.Otu0917,unclassified_Microbotryomycetes,unclassified,unclassified_Microbotryomycetes
F.Otu0935,unclassified_Microbotryomycetes,unclassified,unclassified_Microbotryomycetes
A.Otu0243,Chlamydomonadaceae,Chlamydomonas,Chlamydomonas_nivalis
F.Otu1412,Pleosporaceae,Comoclathris,Comoclathris
F.Otu0040,Saccharomycetaceae,Nakaseomyces,Nakaseomyces
F.Otu0095,Chaetothyriales_fam_Incertae_sedis,Sarcinomyces,Sarcinomyces
F.Otu0111,Ascomycota_unclassified,Ascomycota,Ascomycota_unclassified
F.Otu0130,Pleosporales_unclassified,Pleosporales,Pleosporales_unclassified
F.Otu0139,Leucosporidiales_unclassified,Leucosporidiales,Leucosporidiales_unclassified
F.Otu0173,Lecanoromycetes_unclassified,Lecanoromycetes,Lecanoromycetes_unclassified
F.Otu0190,unclassified_Pleosporales,unclassified,unclassified_Pleosporales
F.Otu0262,Umbilicariaceae,Umbilicaria,Umbilicaria
B.Otu0170,Burkholderiaceae,Massilia,Massilia
B.Otu0219,Solirubrobacteraceae,Solirubrobacter,Solirubrobacter
F.Otu0444,Dothideaceae,Dothideaceae,Dothideaceae_unclassified
F.Otu0458,unclassified_Microbotryomycetes,unclassified,unclassified_Microbotryomycetes
F.Otu0460,Lecanorales_unclassified,Lecanorales,Lecanorales_unclassified
F.Otu0524,Monoblepharidales_incertae_sedis,Hyaloraphidium,Hyaloraphidium
A.Otu0165,Chlamydomonadaceae,Chlamydomonas,Chlamydomonas_nivalis
F.Otu0631,Pleosporales_unclassified,Pleosporales,Pleosporales_unclassified
F.Otu0642,Pleosporaceae,Comoclathris,Comoclathris
A.Otu0193,Chlamydomonadales_incertae_sedis,Tetracystis,Tetracystis_excentrica
B.Otu0455,Hymenobacteraceae,Hymenobacter,Hymenobacter
B.Otu0578,Chitinophagaceae,Chitinophagaceae_unclassified,Chitinophagaceae_unclassified
F.Otu1284,unclassified_Microbotryomycetes,unclassified,unclassified_Microbotryomycetes
B.Otu0810,Hymenobacteraceae,Hymenobacter,Hymenobacter
F.Otu0089,unclassified_Capnodiales,unclassified,unclassified_Capnodiales
A.Otu0047,Chlamydomonadaceae,Scotiella,Scotiella_cryophila
F.Otu0152,Leucosporidiaceae,Leucosporidiaceae,Leucosporidiaceae_unclassified
F.Otu0269,Myriangiales_fam_Incertae_sedis,Endosporium,Endosporium
F.Otu0276,Eurotiomycetes_unclassified,Eurotiomycetes,Eurotiomycetes_unclassified
F.Otu0328,Tremellaceae,Cryptococcus,Cryptococcus
F.Otu0349,Sporormiaceae,Preussia,Preussia
F.Otu0400,Phaeococcomycetaceae,Phaeococcomyces,Phaeococcomyces
F.Otu0434,Mycosphaerellaceae,unclassified,unclassified_Mycosphaerellaceae
F.Otu0463,Leucosporidiaceae,Leucosporidiaceae,Leucosporidiaceae_unclassified
B.Otu0279,Hymenobacteraceae,Hymenobacter,Hymenobacter
F.Otu0535,Phaeosphaeriaceae,Chaetosphaeronema,Chaetosphaeronema
F.Otu0601,Lycoperdaceae,Bovista,Bovista
F.Otu0618,unclassified_Microbotryomycetes,unclassified,unclassified_Microbotryomycetes
F.Otu0796,Leucosporidiales_unclassified,Leucosporidiales,Leucosporidiales_unclassified
F.Otu1083,Chaetothyriales_fam_Incertae_sedis,Sarcinomyces,Sarcinomyces
F.Otu1338,Microbotryomycetes_unclassified,Microbotryomycetes,Microbotryomycetes_unclassified
F.Otu1344,Teratosphaeriaceae,Oleoguttula,Oleoguttula
F.Otu0073,Dothioraceae,Perusta,Perusta
F.Otu0075,unclassified_Microbotryomycetes,unclassified,unclassified_Microbotryomycetes
F.Otu0076,Helotiales_unclassified,Helotiales,Helotiales_unclassified
A.Otu0026,Neochloridaceae,Neochloris,Neochloris_sp
F.Otu0092,Microbotryomycetes_unclassified,Microbotryomycetes,Microbotryomycetes_unclassified
F.Otu0100,Lecanoromycetes_unclassified,Lecanoromycetes,Lecanoromycetes_unclassified
F.Otu0101,Capnodiales_fam_Incertae_sedis,Arthrocatena,Arthrocatena
A.Otu0039,Haematococcaceae,Haematococcus,Haematococcus_rubicundus
F.Otu0104,Leucosporidiales_unclassified,Leucosporidiales,Leucosporidiales_unclassified
F.Otu0110,Rhytismataceae,Lophodermium,Lophodermium
F.Otu0124,Saccharomycetaceae,Nakaseomyces,Nakaseomyces
A.Otu0043,Chlamydomonadaceae,Chlamydomonas,Chlamydomonas_nivalis
A.Otu0045,Chlamydomonadaceae,Chloromonas,Chloromonas_sp
B.Otu0065,Microbacteriaceae,Microbacteriaceae_unclassified,Microbacteriaceae_unclassified
F.Otu0142,Leptosphaeriaceae,Leptosphaeriaceae,Leptosphaeriaceae_unclassified
F.Otu0143,Leptosphaeriaceae,Leptosphaeriaceae,Leptosphaeriaceae_unclassified
F.Otu0146,Phaeosphaeriaceae,Phaeosphaeriaceae,Phaeosphaeriaceae_unclassified
F.Otu0147,Phaeosphaeriaceae,Chaetosphaeronema,Chaetosphaeronema
F.Otu0153,Pleosporaceae,Neocamarosporium,Neocamarosporium
B.Otu0082,Burkholderiaceae,Massilia,Massilia
F.Otu0161,Aureobasidiaceae,Aureobasidium,Aureobasidium
F.Otu0167,Parmeliaceae,Melanohalea,Melanohalea
A.Otu0057,Koliellaceae,Raphidonema,Raphidonema_nivale
F.Otu0181,Pleosporaceae,unclassified,unclassified_Pleosporaceae
F.Otu0189,Monoblepharidales_incertae_sedis,Hyaloraphidium,Hyaloraphidium
B.Otu0101,Sphingobacteriaceae,Pedobacter,Pedobacter
F.Otu0201,Leucosporidiaceae,Leucosporidiaceae,Leucosporidiaceae_unclassified
F.Otu0203,Lecanoraceae,Rhizoplaca,Rhizoplaca
F.Otu0212,Saccharomycetaceae,Nakaseomyces,Nakaseomyces
F.Otu0214,Dothideomycetes_unclassified,Dothideomycetes,Dothideomycetes_unclassified
F.Otu0215,Physciaceae,Physcia,Physcia
F.Otu0227,Ascomycota_unclassified,Ascomycota,Ascomycota_unclassified
A.Otu0073,Chlamydomonadaceae,Microglena,Microglena_monadina
F.Otu0231,Pleosporaceae,Neocamarosporium,Neocamarosporium
F.Otu0233,Phaeosphaeriaceae,Phaeosphaeriaceae,Phaeosphaeriaceae_unclassified
F.Otu0242,Monoblepharidales_incertae_sedis,Hyaloraphidium,Hyaloraphidium
F.Otu0247,Saccharomycetales_Incertae_sedis,Candida,Candida
F.Otu0268,Ascomycota_unclassified,Ascomycota,Ascomycota_unclassified
B.Otu0147,Hymenobacteraceae,Hymenobacter,Hymenobacter
F.Otu0285,Teratosphaeriaceae,Elasticomyces,Elasticomyces
A.Otu0092,Astrephomenaceae,Astrephomene,Astrephomene_gubernaculifera
F.Otu0306,Pleosporales_unclassified,Pleosporales,Pleosporales_unclassified
F.Otu0307,Aureobasidiaceae,Aureobasidium,Aureobasidium
F.Otu0308,Pleomassariaceae,unclassified,unclassified_Pleomassariaceae
F.Otu0312,Leptosphaeriaceae,Leptosphaeriaceae,Leptosphaeriaceae_unclassified
F.Otu0313,Sporormiaceae,Sporormia,Sporormia
B.Otu0174,Propionibacteriaceae,uncultured,uncultured
F.Otu0332,unclassified_Microbotryomycetes,unclassified,unclassified_Microbotryomycetes
F.Otu0333,Cantharellales_fam_Incertae_sedis,Sistotrema,Sistotrema
F.Otu0343,unclassified_Dothideales,unclassified,unclassified_Dothideales
A.Otu0102,Chlamydomonadaceae,Chloromonas,Chloromonas_insignis
F.Otu0372,Microbotryomycetes_unclassified,Microbotryomycetes,Microbotryomycetes_unclassified
F.Otu0373,Teratosphaeriaceae,Teratosphaeriaceae,Teratosphaeriaceae_unclassified
A.Otu0107,Chlamydomonadales_unclassified,,
B.Otu0224,Microbacteriaceae,Marisediminicola,Marisediminicola
A.Otu0119,Chlamydomonadaceae,Chlamydomonas,Chlamydomonas_nivalis
F.Otu0450,Pleosporales_unclassified,Pleosporales,Pleosporales_unclassified
F.Otu0459,unclassified_Microbotryomycetes,unclassified,unclassified_Microbotryomycetes
A.Otu0131,Chlamydomonadales_incertae_sedis,Tetracystis,Tetracystis_excentrica
A.Otu0134,Astrephomenaceae,Astrephomene,Astrephomene_gubernaculifera
B.Otu0295,Burkholderiaceae,Limnohabitans,Limnohabitans
F.Otu0531,Teratosphaeriaceae,Xenomeris,Xenomeris
A.Otu0148,Astrephomenaceae,Astrephomene,Astrephomene_gubernaculifera
A.Otu0158,Astrephomenaceae,Astrephomene,Astrephomene_gubernaculifera
B.Otu0339,Hymenobacteraceae,Hymenobacter,Hymenobacter
F.Otu0617,Aureobasidiaceae,Aureobasidium,Aureobasidium
F.Otu0628,Microbotryomycetes_unclassified,Microbotryomycetes,Microbotryomycetes_unclassified
F.Otu0646,Microbotryomycetes_unclassified,Microbotryomycetes,Microbotryomycetes_unclassified
F.Otu0643,unclassified_Microbotryomycetes,unclassified,unclassified_Microbotryomycetes
F.Otu0652,Dothideomycetes_unclassified,Dothideomycetes,Dothideomycetes_unclassified
F.Otu0676,Mycosphaerellaceae,Mycosphaerella,Mycosphaerella
A.Otu0182,Chlamydomonadaceae,Chlamydomonas,Chlamydomonas_nivalis
F.Otu0688,Phaeosphaeriaceae,Phaeosphaeriaceae,Phaeosphaeriaceae_unclassified
F.Otu0698,Dothioraceae,Perusta,Perusta
F.Otu0718,Capnodiales_unclassified,Capnodiales,Capnodiales_unclassified
A.Otu0192,Chlamydomonadaceae,Chloromonas,Chloromonas_sp
A.Otu0196,Chlamydomonadaceae,Scotiella,Scotiella_cryophila
F.Otu0748,Microbotryomycetes_unclassified,Microbotryomycetes,Microbotryomycetes_unclassified
F.Otu0750,unclassified_Microbotryomycetes,unclassified,unclassified_Microbotryomycetes
F.Otu0765,Teratosphaeriaceae,Teratosphaeriaceae,Teratosphaeriaceae_unclassified
F.Otu0775,unclassified_Microbotryomycetes,unclassified,unclassified_Microbotryomycetes
F.Otu0846,unclassified_Microbotryomycetes,unclassified,unclassified_Microbotryomycetes
B.Otu0532,Chitinophagaceae,Chitinophagaceae_unclassified,Chitinophagaceae_unclassified
B.Otu0598,Microbacteriaceae,Marisediminicola,Marisediminicola
A.Otu0248,Chlamydomonadaceae,Chloromonas,Chloromonas_sp
B.Otu0611,Microbacteriaceae,Marisediminicola,Marisediminicola
A.Otu0249,Chlamydomonadaceae,Chlainomonas,Chlainomonas_sp
F.Otu1003,Microbotryomycetes_unclassified,Microbotryomycetes,Microbotryomycetes_unclassified
F.Otu1062,Microbotryomycetes_unclassified,Microbotryomycetes,Microbotryomycetes_unclassified
F.Otu1100,Dothideaceae,Endoconidioma,Endoconidioma
F.Otu1146,Pleosporaceae,Pleosporaceae,Pleosporaceae_unclassified
A.Otu0274,Chlamydomonadaceae,Chlamydomonas,Chlamydomonas_nivalis
A.Otu0289,Chlamydomonadales_incertae_sedis,Tetracystis,Tetracystis_intermedia